5,5,5,5,5,5,5,5,5,5,5,5,5,5,5,5,5,5,5,5,5,5,5,5,5,5,5,5,5,5,5,5,5,5,5,5,5,5,5,5,5,5,5,5,5,5,5,5,5,5,5,5,5,5,5,5,5,5,5,5,5,5,5,5,5,5,5,5,5,5,5,5,5,5,5,5,5,5,5,5,5,5,5,5,5,5,5,5,5,5,5,5,5,5,5,5,5,5,5,5,
25,15.0022,11.0514,9.19448,8.17884,7.55369,7.13402,6.83396,6.60919,6.43478,6.29567,6.18227,6.08816,6.0089,5.94132,5.88308,5.83244,5.78806,5.74892,5.71418,5.68319,5.65543,5.63046,5.60792,5.58752,5.56901,5.55218,5.53684,5.52285,5.51008,5.49841,5.48774,5.47799,5.46909,5.46097,5.45358,5.44685,5.44077,5.43527,5.43033,5.42593,5.42203,5.41862,5.41567,5.41317,5.41111,5.40947,5.40825,5.40744,5.40703,5.40703,5.40744,5.40825,5.40947,5.41111,5.41317,5.41567,5.41862,5.42203,5.42593,5.43034,5.43527,5.44077,5.44686,5.45358,5.46097,5.46909,5.47799,5.48774,5.49841,5.51008,5.52285,5.53684,5.55218,5.56901,5.58753,5.60793,5.63046,5.65543,5.68319,5.71418,5.74892,5.78807,5.83244,5.88308,5.94132,6.00891,6.08817,6.18227,6.29568,6.43478,6.60919,6.83396,7.13402,7.55369,8.17884,9.19448,11.0514,15.0022,25,
25,18.9575,15.0089,12.5477,10.9672,9.90192,9.14844,8.59262,8.16802,7.83425,7.56564,7.34526,7.16148,7.00613,6.87329,6.75856,6.65861,6.5709,6.49343,6.4246,6.36316,6.30807,6.25849,6.21371,6.17316,6.13635,6.10286,6.07234,6.04449,6.01905,5.99581,5.97456,5.95514,5.9374,5.92122,5.90648,5.89308,5.88094,5.86998,5.86014,5.85135,5.84358,5.83677,5.83089,5.8259,5.82179,5.81852,5.81608,5.81447,5.81366,5.81366,5.81447,5.81608,5.81852,5.82179,5.8259,5.83089,5.83677,5.84358,5.85136,5.86014,5.86998,5.88094,5.89308,5.90648,5.92122,5.9374,5.95514,5.97456,5.99581,6.01906,6.04449,6.07234,6.10286,6.13635,6.17316,6.21371,6.25849,6.30807,6.36316,6.42461,6.49343,6.5709,6.65862,6.75856,6.87329,7.00614,7.16148,7.34526,7.56565,7.83425,8.16802,8.59262,9.14844,9.90192,10.9672,12.5477,15.0089,18.9575,25,
25,20.8189,17.4791,15.0201,13.2403,11.9383,10.9652,10.2201,9.63602,9.16855,8.7874,8.47163,8.20637,7.98086,7.78715,7.61924,7.47255,7.3435,7.22928,7.12765,7.03678,6.95521,6.88171,6.81527,6.75506,6.70036,6.65056,6.60516,6.56371,6.52584,6.49122,6.45955,6.4306,6.40416,6.38002,6.35803,6.33804,6.31993,6.30357,6.28888,6.27577,6.26416,6.254,6.24521,6.23777,6.23162,6.22674,6.2231,6.22069,6.21948,6.21948,6.22069,6.2231,6.22674,6.23162,6.23777,6.24521,6.254,6.26416,6.27577,6.28888,6.30358,6.31993,6.33805,6.35804,6.38002,6.40416,6.43061,6.45956,6.49122,6.52585,6.56372,6.60517,6.65057,6.70036,6.75507,6.81528,6.88171,6.95521,7.03678,7.12765,7.22929,7.34351,7.47256,7.61925,7.78716,7.98087,8.20637,8.47163,8.78741,9.16855,9.63602,10.2201,10.9652,11.9383,13.2403,15.0201,17.4791,20.8189,25,
25,21.839,19.0685,16.8132,15.0357,13.6459,12.554,11.6864,10.9875,10.4165,9.94379,9.54748,9.2115,8.92379,8.67521,8.45872,8.26885,8.10127,7.95256,7.81992,7.70111,7.59427,7.49786,7.41062,7.33145,7.25947,7.19388,7.13404,7.07937,7.02938,6.98366,6.94183,6.90357,6.8686,6.83668,6.80759,6.78114,6.75716,6.7355,6.71605,6.69868,6.68331,6.66984,6.6582,6.64833,6.64019,6.63372,6.6289,6.6257,6.6241,6.6241,6.6257,6.6289,6.63372,6.64019,6.64834,6.6582,6.66984,6.68331,6.69869,6.71605,6.73551,6.75716,6.78114,6.80759,6.83669,6.86861,6.90358,6.94183,6.98366,7.02939,7.07937,7.13404,7.19388,7.25947,7.33146,7.41062,7.49787,7.59427,7.70111,7.81992,7.95256,8.10128,8.26886,8.45873,8.67522,8.9238,9.21151,9.54749,9.94379,10.4165,10.9875,11.6864,12.554,13.6459,15.0357,16.8132,19.0685,21.839,25,
25,22.4686,20.1427,18.1285,16.4432,15.0557,13.9185,12.9839,12.211,11.5663,11.0237,10.563,10.1684,9.8276,9.53118,9.27158,9.04285,8.84019,8.65975,8.49837,8.35346,8.22289,8.10486,7.99788,7.90067,7.81217,7.73145,7.65773,7.59033,7.52866,7.47221,7.42053,7.37325,7.33,7.29051,7.25451,7.22175,7.19206,7.16523,7.14113,7.11961,7.10055,7.08385,7.06942,7.05718,7.04708,7.03905,7.03307,7.0291,7.02712,7.02712,7.0291,7.03307,7.03906,7.04708,7.05718,7.06942,7.08385,7.10055,7.11961,7.14113,7.16524,7.19206,7.22176,7.25451,7.29052,7.33001,7.37325,7.42054,7.47222,7.52867,7.59034,7.65774,7.73146,7.81218,7.90068,7.99788,8.10487,8.22289,8.35347,8.49837,8.65976,8.8402,9.04286,9.27159,9.53119,9.82761,10.1684,10.563,11.0238,11.5663,12.211,12.9839,13.9185,15.0557,16.4432,18.1285,20.1427,22.4686,25,
25,22.8927,20.9051,19.1151,17.553,16.2153,15.0803,14.1199,13.3062,12.6139,12.0219,11.5124,11.0713,10.6871,10.3503,10.0536,9.79077,9.5569,9.34788,9.16035,8.99149,8.83897,8.70081,8.57536,8.46118,8.35709,8.26203,8.17511,8.09557,8.02272,7.95599,7.89485,7.83888,7.78766,7.74086,7.69817,7.65932,7.62408,7.59225,7.56363,7.53807,7.51543,7.49558,7.47844,7.4639,7.45189,7.44235,7.43524,7.43052,7.42816,7.42816,7.43052,7.43524,7.44235,7.45189,7.4639,7.47844,7.49559,7.51543,7.53807,7.56363,7.59225,7.62409,7.65933,7.69817,7.74086,7.78767,7.83888,7.89486,7.95599,8.02273,8.09558,8.17512,8.26204,8.3571,8.46119,8.57536,8.70082,8.83897,8.9915,9.16035,9.34789,9.55691,9.79078,10.0536,10.3503,10.6871,11.0714,11.5125,12.0219,12.6139,13.3062,14.1199,15.0803,16.2153,17.553,19.1151,20.9051,22.8927,25,
25,23.1973,21.4698,19.8736,18.4385,17.1721,16.0674,15.1093,14.2799,13.5614,12.9374,12.3935,11.9175,11.499,11.1294,10.8017,10.5098,10.2487,10.0145,9.80364,9.61318,9.44068,9.28407,9.14155,9.01162,8.89297,8.78446,8.68513,8.59411,8.51067,8.43416,8.36402,8.29974,8.2409,8.18709,8.13799,8.09328,8.05271,8.01604,7.98307,7.95361,7.92751,7.90463,7.88485,7.86808,7.85422,7.84322,7.83501,7.82957,7.82685,7.82685,7.82957,7.83502,7.84322,7.85423,7.86808,7.88486,7.90463,7.92752,7.95362,7.98308,8.01605,8.05272,8.09329,8.13799,8.1871,8.24091,8.29975,8.36403,8.43417,8.51068,8.59412,8.68513,8.78447,8.89298,9.01163,9.14156,9.28407,9.44069,9.61319,9.80365,10.0145,10.2488,10.5098,10.8017,11.1295,11.499,11.9175,12.3936,12.9374,13.5614,14.2799,15.1093,16.0674,17.1722,18.4385,19.8736,21.4698,23.1973,25,
25,23.4265,21.9033,20.471,19.1552,17.9674,16.9079,15.9698,15.1427,14.4144,13.7729,13.2068,12.7061,12.262,11.8668,11.5139,11.1978,10.9138,10.6578,10.4265,10.2169,10.0265,9.85322,9.69517,9.55079,9.41871,9.29773,9.18682,9.08507,8.99168,8.90597,8.82732,8.75519,8.6891,8.62863,8.57341,8.52311,8.47744,8.43615,8.399,8.3658,8.33637,8.31057,8.28827,8.26934,8.25371,8.24129,8.23203,8.22588,8.22282,8.22282,8.22589,8.23204,8.2413,8.25371,8.26935,8.28827,8.31058,8.33638,8.3658,8.399,8.43615,8.47745,8.52312,8.57341,8.62864,8.68911,8.7552,8.82733,8.90598,8.99169,9.08508,9.18683,9.29774,9.41872,9.5508,9.69518,9.85323,10.0265,10.2169,10.4265,10.6579,10.9138,11.1978,11.5139,11.8668,12.262,12.7061,13.2068,13.7729,14.4144,15.1427,15.9699,16.9079,17.9674,19.1552,20.471,21.9033,23.4265,25,
25,23.6054,22.246,20.9519,19.744,18.6344,17.6269,16.7195,15.9067,15.1806,14.5328,13.9547,13.4382,12.9761,12.5618,12.1893,11.8538,11.5508,11.2765,11.0277,10.8014,10.5953,10.4071,10.2351,10.0777,9.93334,9.80093,9.67935,9.56766,9.46503,9.37073,9.2841,9.20459,9.13167,9.06491,9.00391,8.94831,8.8978,8.8521,8.81098,8.77421,8.74161,8.71302,8.6883,8.66732,8.64999,8.63622,8.62594,8.61912,8.61572,8.61572,8.61912,8.62595,8.63622,8.64999,8.66732,8.6883,8.71303,8.74162,8.77422,8.81098,8.85211,8.8978,8.94831,9.00392,9.06492,9.13168,9.2046,9.28411,9.37074,9.46504,9.56767,9.67936,9.80094,9.93335,10.0777,10.2351,10.4071,10.5953,10.8014,11.0277,11.2765,11.5508,11.8538,12.1894,12.5618,12.9761,13.4382,13.9547,14.5328,15.1806,15.9067,16.7196,17.6269,18.6344,19.744,20.9519,22.246,23.6054,25,
25,23.7489,22.5236,21.3464,20.2346,19.1993,18.2457,17.3748,16.5839,15.8686,15.223,14.6409,14.116,13.6425,13.2148,12.8279,12.4773,12.1591,11.8698,11.6062,11.3658,11.146,10.9449,10.7605,10.5914,10.4361,10.2933,10.162,10.0412,9.93005,9.8278,9.73378,9.64739,9.5681,9.49544,9.42901,9.36841,9.31334,9.26349,9.2186,9.17846,9.14285,9.11161,9.08459,9.06165,9.0427,9.02764,9.01641,9.00894,9.00522,9.00522,9.00894,9.01641,9.02764,9.0427,9.06166,9.08459,9.11162,9.14286,9.17846,9.21861,9.2635,9.31335,9.36842,9.42902,9.49545,9.56811,9.6474,9.73379,9.82782,9.93007,10.0412,10.162,10.2933,10.4361,10.5914,10.7605,10.9449,11.146,11.3658,11.6063,11.8698,12.1591,12.4773,12.8279,13.2148,13.6425,14.116,14.6409,15.223,15.8686,16.5839,17.3748,18.2457,19.1993,20.2346,21.3464,22.5236,23.7489,25,
25,23.8668,22.7529,21.6756,20.6488,19.6823,18.7819,17.9499,17.1857,16.4868,15.8497,15.2698,14.7425,14.263,13.827,13.4301,13.0684,12.7386,12.4373,12.1617,11.9094,11.6781,11.4658,11.2707,11.0913,10.9262,10.7742,10.6341,10.5051,10.3862,10.2767,10.1758,10.0831,9.99789,9.91976,9.84826,9.78301,9.72366,9.66991,9.62149,9.57816,9.53972,9.50598,9.47679,9.45201,9.43152,9.41524,9.40309,9.39503,9.391,9.391,9.39503,9.4031,9.41524,9.43152,9.45201,9.4768,9.50599,9.53973,9.57817,9.6215,9.66992,9.72367,9.78302,9.84827,9.91977,9.9979,10.0831,10.1758,10.2767,10.3862,10.5051,10.6342,10.7742,10.9262,11.0914,11.2708,11.4658,11.6781,11.9095,12.1618,12.4373,12.7386,13.0685,13.4301,13.827,14.2631,14.7425,15.2698,15.8497,16.4868,17.1857,17.9499,18.7819,19.6823,20.6488,21.6756,22.7529,23.8668,25,
25,23.9654,22.9456,21.9542,21.0026,20.0993,19.2498,18.4571,17.722,17.0434,16.4191,15.8461,15.321,14.8402,14.4,13.997,13.6278,13.2894,12.979,12.694,12.4321,12.1912,11.9695,11.7653,11.577,11.4033,11.2431,11.0953,10.9588,10.8329,10.7168,10.6098,10.5112,10.4206,10.3374,10.2613,10.1917,10.1284,10.071,10.0193,9.97299,9.93189,9.89581,9.86458,9.83806,9.81614,9.79871,9.7857,9.77707,9.77276,9.77276,9.77707,9.78571,9.79871,9.81614,9.83807,9.86459,9.89582,9.9319,9.97299,10.0193,10.071,10.1284,10.1917,10.2613,10.3375,10.4206,10.5113,10.6098,10.7168,10.8329,10.9588,11.0953,11.2431,11.4034,11.577,11.7653,11.9695,12.1913,12.4321,12.694,12.979,13.2894,13.6278,13.997,14.4,14.8402,15.3211,15.8462,16.4191,17.0434,17.722,18.4572,19.2498,20.0993,21.0026,21.9542,22.9456,23.9654,25,
25,24.0491,23.1099,22.1931,21.3082,20.4624,19.6609,18.9069,18.2018,17.5457,16.9372,16.3746,15.8554,15.3767,14.9359,14.5301,14.1564,13.8123,13.4953,13.2032,12.9338,12.6852,12.4558,12.2438,12.048,11.867,11.6997,11.545,11.402,11.2699,11.1479,11.0353,10.9315,10.8359,10.7481,10.6677,10.5941,10.5272,10.4664,10.4117,10.3626,10.319,10.2808,10.2477,10.2195,10.1963,10.1778,10.164,10.1548,10.1502,10.1502,10.1548,10.164,10.1778,10.1963,10.2195,10.2477,10.2808,10.3191,10.3626,10.4117,10.4664,10.5272,10.5941,10.6677,10.7482,10.8359,10.9315,11.0353,11.1479,11.2699,11.402,11.545,11.6997,11.867,12.048,12.2438,12.4558,12.6852,12.9338,13.2032,13.4953,13.8123,14.1564,14.5301,14.9359,15.3768,15.8554,16.3746,16.9373,17.5457,18.2019,18.9069,19.6609,20.4624,21.3082,22.1931,23.1099,24.0491,25,
25,24.1212,23.2516,22.4002,21.5746,20.7811,20.0244,19.3077,18.6328,18.0002,17.4096,16.8597,16.349,15.8755,15.4369,15.031,14.6554,14.3081,13.9868,13.6896,13.4146,13.1601,12.9245,12.7063,12.5042,12.317,12.1436,11.983,11.8344,11.6968,11.5695,11.4519,11.3434,11.2435,11.1515,11.0672,10.99,10.9197,10.8559,10.7983,10.7467,10.7009,10.6606,10.6258,10.5961,10.5716,10.5521,10.5376,10.5279,10.5231,10.5231,10.5279,10.5376,10.5521,10.5716,10.5961,10.6258,10.6606,10.7009,10.7467,10.7983,10.8559,10.9197,10.99,11.0672,11.1515,11.2435,11.3435,11.452,11.5695,11.6968,11.8344,11.9831,12.1436,12.317,12.5042,12.7063,12.9245,13.1601,13.4146,13.6896,13.9868,14.3081,14.6554,15.031,15.4369,15.8755,16.3491,16.8597,17.4096,18.0002,18.6328,19.3077,20.0244,20.7811,21.5747,22.4003,23.2517,24.1212,25,
25,24.1839,23.3753,22.5816,21.809,21.0631,20.348,19.6668,19.0214,18.4128,17.8411,17.3057,16.8056,16.3393,15.9052,15.5014,15.1263,14.7778,14.4542,14.1538,13.875,13.6161,13.3757,13.1526,12.9455,12.7532,12.5747,12.4092,12.2556,12.1133,11.9815,11.8595,11.7469,11.643,11.5473,11.4595,11.3791,11.3057,11.2391,11.179,11.1251,11.0772,11.0351,10.9986,10.9676,10.9419,10.9215,10.9063,10.8962,10.8911,10.8911,10.8962,10.9063,10.9215,10.9419,10.9676,10.9986,11.0351,11.0772,11.1251,11.179,11.2391,11.3057,11.3791,11.4595,11.5473,11.643,11.7469,11.8596,11.9815,12.1133,12.2556,12.4092,12.5748,12.7532,12.9455,13.1526,13.3757,13.6161,13.875,14.1538,14.4542,14.7778,15.1263,15.5014,15.9052,16.3393,16.8056,17.3057,17.8411,18.4128,19.0214,19.6668,20.348,21.0631,21.809,22.5816,23.3753,24.1839,25,
25,24.239,23.4842,22.7417,22.0168,21.3142,20.6376,19.99,19.3732,18.7885,18.2363,17.7164,17.2283,16.7709,16.343,15.9434,15.5704,15.2226,14.8985,14.5965,14.3153,14.0535,13.8098,13.583,13.3719,13.1756,12.993,12.8233,12.6656,12.5193,12.3836,12.2579,12.1416,12.0342,11.9353,11.8443,11.761,11.685,11.6159,11.5535,11.4975,11.4477,11.4039,11.366,11.3337,11.307,11.2858,11.2699,11.2594,11.2541,11.2541,11.2594,11.2699,11.2858,11.307,11.3337,11.366,11.4039,11.4477,11.4975,11.5535,11.6159,11.685,11.761,11.8443,11.9353,12.0342,12.1416,12.2579,12.3836,12.5193,12.6657,12.8233,12.993,13.1756,13.3719,13.583,13.8098,14.0535,14.3153,14.5965,14.8985,15.2226,15.5704,15.9434,16.3431,16.7709,17.2283,17.7164,18.2363,18.7885,19.3732,19.99,20.6376,21.3142,22.0168,22.7417,23.4842,24.239,25,
25,24.2878,23.5809,22.8842,22.2023,21.5392,20.8984,20.2823,19.693,19.1318,18.5992,18.0954,17.6202,17.1729,16.7527,16.3586,15.9893,15.6437,15.3205,15.0185,14.7363,14.4728,14.227,13.9976,13.7836,13.5842,13.3984,13.2254,13.0644,12.9147,12.7757,12.6468,12.5274,12.417,12.3152,12.2216,12.1357,12.0573,11.986,11.9215,11.8637,11.8122,11.7669,11.7277,11.6943,11.6667,11.6447,11.6282,11.6173,11.6119,11.6119,11.6173,11.6282,11.6447,11.6667,11.6943,11.7277,11.767,11.8122,11.8637,11.9216,11.986,12.0573,12.1357,12.2216,12.3152,12.417,12.5274,12.6468,12.7757,12.9147,13.0644,13.2254,13.3984,13.5842,13.7836,13.9976,14.227,14.4729,14.7363,15.0185,15.3206,15.6438,15.9894,16.3586,16.7528,17.1729,17.6202,18.0954,18.5992,19.1318,19.693,20.2823,20.8984,21.5392,22.2023,22.8842,23.5809,24.2878,25,
25,24.3315,23.6674,23.0119,22.3689,21.7421,21.1343,20.5479,19.9848,19.4463,18.9332,18.4458,17.9842,17.5479,17.1364,16.749,16.3846,16.0425,15.7215,15.4205,15.1386,14.8746,14.6276,14.3967,14.1808,13.9792,13.791,13.6154,13.4518,13.2994,13.1577,13.0262,12.9042,12.7913,12.687,12.5911,12.503,12.4225,12.3492,12.283,12.2235,12.1706,12.1239,12.0835,12.0491,12.0206,11.998,11.981,11.9698,11.9642,11.9642,11.9698,11.981,11.998,12.0206,12.0491,12.0835,12.124,12.1706,12.2235,12.283,12.3493,12.4225,12.503,12.5911,12.687,12.7913,12.9042,13.0262,13.1578,13.2994,13.4518,13.6154,13.791,13.9792,14.1808,14.3967,14.6277,14.8746,15.1386,15.4205,15.7215,16.0425,16.3847,16.749,17.1364,17.5479,17.9842,18.4459,18.9332,19.4463,19.9848,20.5479,21.1343,21.7421,22.369,23.0119,23.6674,24.3315,25,
25,24.3707,23.7452,23.127,22.5196,21.9259,21.3487,20.7902,20.252,19.7355,19.2415,18.7706,18.3228,17.8981,17.4961,17.1162,16.7578,16.4201,16.1023,15.8035,15.5229,15.2594,15.0123,14.7807,14.5638,14.3608,14.1709,13.9935,13.8279,13.6735,13.5297,13.396,13.2718,13.1568,13.0506,12.9526,12.8627,12.7804,12.7055,12.6377,12.5768,12.5225,12.4748,12.4333,12.398,12.3688,12.3455,12.3282,12.3166,12.3109,12.3109,12.3166,12.3282,12.3456,12.3688,12.398,12.4333,12.4748,12.5225,12.5768,12.6377,12.7055,12.7804,12.8627,12.9527,13.0506,13.1569,13.2718,13.396,13.5297,13.6735,13.8279,13.9935,14.1709,14.3608,14.5638,14.7807,15.0123,15.2594,15.5229,15.8036,16.1023,16.4201,16.7578,17.1162,17.4961,17.8981,18.3228,18.7706,19.2415,19.7355,20.252,20.7902,21.3487,21.9259,22.5196,23.127,23.7452,24.3707,25,
25,24.4062,23.8156,23.2313,22.6564,22.0933,21.5445,21.0121,20.4975,20.0021,19.5268,19.0721,18.6384,18.2256,17.8335,17.4619,17.1102,16.7779,16.4642,16.1685,15.8899,15.6279,15.3815,15.1501,14.9329,14.7292,14.5384,14.3598,14.1928,14.0369,13.8915,13.7562,13.6304,13.5137,13.4058,13.3062,13.2147,13.131,13.0546,12.9855,12.9234,12.868,12.8193,12.7769,12.7409,12.711,12.6872,12.6695,12.6577,12.6518,12.6518,12.6577,12.6695,12.6872,12.711,12.7409,12.7769,12.8193,12.868,12.9234,12.9855,13.0547,13.131,13.2148,13.3063,13.4058,13.5137,13.6304,13.7562,13.8915,14.0369,14.1929,14.3598,14.5384,14.7292,14.9329,15.1501,15.3815,15.6279,15.89,16.1685,16.4642,16.7779,17.1102,17.4619,17.8335,18.2256,18.6384,19.0721,19.5268,20.0022,20.4975,21.0121,21.5446,22.0933,22.6564,23.2314,23.8156,24.4062,25,
25,24.4385,23.8797,23.3264,22.7812,22.2464,21.7241,21.2161,20.7239,20.2487,19.7915,19.3528,18.933,18.5323,18.1506,17.7877,17.4433,17.117,16.8081,16.5162,16.2406,15.9806,15.7357,15.5052,15.2884,15.0848,14.8936,14.7145,14.5467,14.3898,14.2434,14.1068,13.9798,13.8618,13.7526,13.6518,13.559,13.4741,13.3966,13.3264,13.2632,13.2069,13.1573,13.1142,13.0776,13.0471,13.0229,13.0048,12.9928,12.9868,12.9868,12.9928,13.0048,13.0229,13.0472,13.0776,13.1143,13.1573,13.207,13.2633,13.3264,13.3966,13.4741,13.5591,13.6518,13.7526,13.8619,13.9798,14.1068,14.2434,14.3899,14.5467,14.7145,14.8937,15.0848,15.2884,15.5052,15.7357,15.9806,16.2406,16.5162,16.8081,17.117,17.4433,17.7877,18.1506,18.5323,18.933,19.3528,19.7915,20.2487,20.7239,21.2161,21.7241,22.2464,22.7812,23.3265,23.8797,24.4385,25,
25,24.468,23.9383,23.4135,22.8957,22.387,21.8893,21.4042,20.9332,20.4774,20.0376,19.6145,19.2085,18.82,18.4488,18.0951,17.7584,17.4385,17.1351,16.8476,16.5755,16.3183,16.0756,15.8466,15.6308,15.4278,15.237,15.0578,14.8897,14.7324,14.5853,14.448,14.3201,14.2012,14.0911,13.9893,13.8956,13.8097,13.7313,13.6602,13.5962,13.5392,13.4889,13.4452,13.4079,13.3771,13.3525,13.3341,13.3219,13.3158,13.3158,13.3219,13.3341,13.3525,13.3771,13.408,13.4452,13.4889,13.5392,13.5963,13.6602,13.7313,13.8097,13.8956,13.9893,14.0911,14.2013,14.3201,14.448,14.5853,14.7324,14.8897,15.0578,15.237,15.4278,15.6309,15.8466,16.0756,16.3184,16.5755,16.8476,17.1351,17.4386,17.7584,18.0951,18.4489,18.82,19.2086,19.6145,20.0376,20.4774,20.9332,21.4043,21.8893,22.387,22.8957,23.4135,23.9383,24.468,25,
25,24.495,23.9922,23.4935,23.0011,22.5166,22.0419,21.5784,21.1274,20.6899,20.267,19.8591,19.4667,19.0902,18.7298,18.3853,18.0567,17.7437,17.4461,17.1635,16.8955,16.6417,16.4016,16.1747,15.9606,15.7587,15.5686,15.3899,15.222,15.0647,14.9173,14.7797,14.6513,14.5319,14.4212,14.3187,14.2243,14.1377,14.0586,13.9869,13.9223,13.8647,13.8138,13.7696,13.732,13.7008,13.6759,13.6573,13.6449,13.6387,13.6387,13.6449,13.6573,13.6759,13.7008,13.732,13.7696,13.8138,13.8647,13.9223,13.9869,14.0587,14.1377,14.2243,14.3187,14.4212,14.532,14.6514,14.7797,14.9174,15.0647,15.2221,15.3899,15.5686,15.7587,15.9606,16.1747,16.4016,16.6417,16.8956,17.1635,17.4461,17.7437,18.0567,18.3853,18.7298,19.0903,19.4667,19.8591,20.267,20.69,21.1274,21.5784,22.0419,22.5166,23.0011,23.4935,23.9922,24.495,25,
25,24.52,24.0418,23.5674,23.0984,22.6365,22.1833,21.74,21.308,20.8881,20.4812,20.0881,19.709,19.3445,18.9947,18.6596,18.3393,18.0335,17.7421,17.4649,17.2014,16.9514,16.7144,16.4901,16.278,16.0778,15.8889,15.7111,15.5439,15.3869,15.2398,15.1021,14.9736,14.854,14.7429,14.6401,14.5453,14.4582,14.3787,14.3065,14.2414,14.1834,14.1321,14.0876,14.0496,14.0181,13.993,13.9742,13.9617,13.9555,13.9555,13.9617,13.9742,13.993,14.0181,14.0496,14.0876,14.1321,14.1834,14.2415,14.3065,14.3787,14.4582,14.5453,14.6401,14.743,14.854,14.9737,15.1021,15.2398,15.3869,15.5439,15.7111,15.889,16.0778,16.278,16.4901,16.7144,16.9514,17.2014,17.4649,17.7422,18.0335,18.3393,18.6596,18.9947,19.3445,19.7091,20.0881,20.4813,20.8881,21.308,21.7401,22.1833,22.6365,23.0984,23.5674,24.0418,24.52,25,
25,24.543,24.0878,23.6358,23.1886,22.7478,22.3147,21.8905,21.4764,21.0732,20.6819,20.3029,19.9369,19.5841,19.2449,18.9192,18.6073,18.3089,18.0241,17.7524,17.4938,17.248,17.0146,16.7932,16.5836,16.3854,16.1982,16.0217,15.8555,15.6993,15.5527,15.4154,15.2871,15.1676,15.0564,14.9535,14.8585,14.7712,14.6914,14.6189,14.5536,14.4952,14.4437,14.3989,14.3607,14.329,14.3037,14.2848,14.2723,14.266,14.266,14.2723,14.2848,14.3037,14.329,14.3607,14.3989,14.4437,14.4953,14.5536,14.619,14.6914,14.7712,14.8585,14.9535,15.0565,15.1676,15.2871,15.4154,15.5527,15.6993,15.8556,16.0218,16.1983,16.3855,16.5837,16.7933,17.0146,17.248,17.4939,17.7525,18.0241,18.309,18.6073,18.9193,19.2449,19.5841,19.9369,20.3029,20.6819,21.0733,21.4764,21.8905,22.3147,22.7478,23.1886,23.6358,24.0878,24.5431,25,
25,24.5645,24.1304,23.6993,23.2725,22.8514,22.4371,22.031,21.6338,21.2466,20.8701,20.5048,20.1514,19.8102,19.4814,19.1652,18.8617,18.5709,18.2927,18.027,17.7735,17.5322,17.3026,17.0846,16.8779,16.6821,16.4969,16.322,16.1572,16.002,15.8563,15.7197,15.5919,15.4727,15.3618,15.2589,15.164,15.0767,14.9968,14.9242,14.8588,14.8003,14.7486,14.7037,14.6653,14.6335,14.6081,14.5892,14.5765,14.5702,14.5702,14.5765,14.5892,14.6081,14.6335,14.6653,14.7037,14.7486,14.8003,14.8588,14.9243,14.9968,15.0767,15.164,15.259,15.3618,15.4727,15.5919,15.7197,15.8563,16.0021,16.1572,16.3221,16.4969,16.6821,16.8779,17.0847,17.3027,17.5322,17.7736,18.027,18.2927,18.5709,18.8617,19.1652,19.4814,19.8102,20.1514,20.5049,20.8701,21.2466,21.6338,22.031,22.4372,22.8514,23.2725,23.6993,24.1304,24.5645,25,
25,24.5844,24.1701,23.7585,23.3507,22.948,22.5516,22.1624,21.7813,21.4093,21.047,20.695,20.3538,20.0238,19.7053,19.3985,19.1034,18.8203,18.5489,18.2892,18.0412,17.8046,17.5792,17.3648,17.1612,16.9681,16.7852,16.6123,16.4492,16.2954,16.1508,16.0151,15.8881,15.7694,15.659,15.5565,15.4618,15.3747,15.295,15.2224,15.157,15.0985,15.0468,15.0018,14.9634,14.9316,14.9061,14.8871,14.8745,14.8682,14.8682,14.8745,14.8871,14.9062,14.9316,14.9634,15.0018,15.0468,15.0985,15.157,15.2225,15.295,15.3747,15.4619,15.5566,15.659,15.7695,15.8881,16.0151,16.1508,16.2954,16.4492,16.6124,16.7853,16.9681,17.1612,17.3648,17.5792,17.8046,18.0412,18.2893,18.5489,18.8203,19.1035,19.3985,19.7053,20.0238,20.3538,20.695,21.047,21.4093,21.7814,22.1624,22.5516,22.948,23.3507,23.7585,24.1701,24.5844,25,
25,24.603,24.2072,23.8138,23.4238,23.0385,22.6588,22.2856,21.9198,21.5623,21.2136,20.8743,20.545,20.2259,19.9175,19.62,19.3334,19.0578,18.7933,18.5399,18.2974,18.0657,17.8447,17.6342,17.434,17.2439,17.0636,16.893,16.7317,16.5796,16.4364,16.3019,16.1758,16.0581,15.9483,15.8464,15.7521,15.6653,15.5859,15.5136,15.4483,15.3899,15.3383,15.2933,15.255,15.2232,15.1978,15.1788,15.1661,15.1598,15.1598,15.1661,15.1788,15.1978,15.2232,15.255,15.2934,15.3383,15.3899,15.4483,15.5136,15.5859,15.6654,15.7522,15.8464,15.9483,16.0581,16.1759,16.3019,16.4364,16.5796,16.7317,16.893,17.0636,17.2439,17.434,17.6342,17.8447,18.0657,18.2974,18.5399,18.7934,19.0578,19.3334,19.62,19.9176,20.226,20.545,20.8743,21.2136,21.5623,21.9199,22.2856,22.6588,23.0385,23.4238,23.8138,24.2072,24.603,25,
25,24.6204,24.2419,23.8656,23.4924,23.1233,22.7594,22.4014,22.0502,21.7064,21.3707,21.0437,20.7258,20.4175,20.1189,19.8305,19.5522,19.2843,19.0267,18.7796,18.5428,18.3162,18.0997,17.8933,17.6967,17.5098,17.3324,17.1642,17.0051,16.8549,16.7133,16.5802,16.4554,16.3386,16.2297,16.1286,16.0349,15.9487,15.8696,15.7977,15.7327,15.6745,15.6231,15.5783,15.5401,15.5083,15.483,15.464,15.4514,15.4451,15.4451,15.4514,15.464,15.483,15.5083,15.5401,15.5783,15.6231,15.6745,15.7327,15.7977,15.8697,15.9487,16.035,16.1286,16.2298,16.3386,16.4554,16.5802,16.7133,16.8549,17.0051,17.1642,17.3324,17.5098,17.6968,17.8934,18.0998,18.3162,18.5428,18.7796,19.0268,19.2843,19.5522,19.8305,20.119,20.4175,20.7259,21.0437,21.3707,21.7064,22.0502,22.4014,22.7594,23.1234,23.4924,23.8656,24.2419,24.6204,25,
25,24.6368,24.2745,23.9142,23.5568,23.2031,22.8541,22.5105,22.173,21.8424,21.5192,21.204,20.8972,20.5992,20.3103,20.0307,19.7607,19.5004,19.2498,19.009,18.7779,18.5565,18.3448,18.1426,17.9498,17.7663,17.5918,17.4263,17.2696,17.1215,16.9818,16.8503,16.7268,16.6113,16.5035,16.4032,16.3104,16.2248,16.1463,16.0748,16.0103,15.9524,15.9013,15.8567,15.8187,15.7871,15.7618,15.743,15.7304,15.7241,15.7241,15.7304,15.743,15.7618,15.7871,15.8187,15.8567,15.9013,15.9524,16.0103,16.0749,16.1463,16.2248,16.3104,16.4033,16.5035,16.6113,16.7269,16.8503,16.9818,17.1215,17.2696,17.4264,17.5919,17.7663,17.9498,18.1426,18.3448,18.5566,18.7779,19.009,19.2498,19.5004,19.7608,20.0308,20.3103,20.5992,20.8972,21.204,21.5192,21.8424,22.173,22.5105,22.8541,23.2031,23.5568,23.9142,24.2745,24.6368,25,
25,24.6521,24.3052,23.96,23.6174,23.2782,22.9433,22.6133,22.289,21.971,21.6598,21.3559,21.0598,20.7718,20.4923,20.2215,19.9596,19.7068,19.4631,19.2286,19.0033,18.7872,18.5803,18.3825,18.1936,18.0136,17.8424,17.6797,17.5256,17.3797,17.242,17.1123,16.9904,16.8763,16.7697,16.6705,16.5786,16.4938,16.416,16.3451,16.2811,16.2237,16.1729,16.1286,16.0908,16.0594,16.0344,16.0156,16.0031,15.9969,15.9969,16.0031,16.0156,16.0344,16.0594,16.0908,16.1286,16.1729,16.2237,16.2811,16.3452,16.416,16.4938,16.5786,16.6705,16.7697,16.8763,16.9905,17.1123,17.242,17.3797,17.5256,17.6798,17.8424,18.0136,18.1936,18.3825,18.5803,18.7873,19.0033,19.2286,19.4631,19.7068,19.9596,20.2215,20.4923,20.7718,21.0598,21.3559,21.6598,21.971,22.289,22.6134,22.9433,23.2782,23.6174,23.96,24.3052,24.6521,25,
25,24.6666,24.3341,24.0031,23.6746,23.3491,23.0276,22.7106,22.3988,22.0927,21.793,21.5,21.2142,20.9359,20.6656,20.4033,20.1494,19.904,19.6671,19.439,19.2195,19.0088,18.8067,18.6133,18.4285,18.2522,18.0843,17.9247,17.7732,17.6297,17.4942,17.3664,17.2463,17.1337,17.0285,16.9305,16.8396,16.7558,16.6788,16.6086,16.5452,16.4883,16.438,16.3941,16.3566,16.3254,16.3006,16.282,16.2696,16.2634,16.2634,16.2696,16.282,16.3006,16.3255,16.3566,16.3941,16.438,16.4883,16.5452,16.6087,16.6788,16.7558,16.8396,16.9305,17.0285,17.1337,17.2464,17.3665,17.4942,17.6298,17.7732,17.9247,18.0843,18.2523,18.4286,18.6134,18.8068,19.0088,19.2196,19.439,19.6672,19.904,20.1494,20.4034,20.6656,20.936,21.2142,21.5,21.793,22.0927,22.3988,22.7106,23.0276,23.3492,23.6746,24.0031,24.3341,24.6666,25,
25,24.6803,24.3614,24.0439,23.7286,23.4162,23.1073,22.8027,22.5028,22.2082,21.9194,21.6369,21.361,21.0922,20.8307,20.5768,20.3307,20.0926,19.8625,19.6407,19.427,19.2216,19.0245,18.8357,18.655,18.4824,18.3179,18.1614,18.0128,17.8719,17.7387,17.613,17.4947,17.3838,17.28,17.1833,17.0937,17.0108,16.9348,16.8654,16.8027,16.7464,16.6966,16.6532,16.616,16.5852,16.5605,16.5421,16.5298,16.5237,16.5237,16.5298,16.5421,16.5606,16.5852,16.6161,16.6532,16.6966,16.7464,16.8027,16.8655,16.9348,17.0109,17.0937,17.1834,17.28,17.3838,17.4947,17.613,17.7387,17.8719,18.0128,18.1615,18.318,18.4825,18.655,18.8357,19.0246,19.2217,19.4271,19.6407,19.8626,20.0926,20.3308,20.5769,20.8308,21.0923,21.3611,21.6369,21.9194,22.2082,22.5028,22.8027,23.1074,23.4162,23.7286,24.0439,24.3614,24.6803,25,
25,24.6932,24.3872,24.0825,23.7797,23.4797,23.1829,22.89,22.6014,22.3178,22.0396,21.7671,21.5009,21.2412,20.9883,20.7426,20.5041,20.2731,20.0498,19.8341,19.6263,19.4263,19.2341,19.0498,18.8733,18.7046,18.5436,18.3903,18.2446,18.1064,17.9756,17.8521,17.7358,17.6266,17.5245,17.4292,17.3408,17.2591,17.1841,17.1157,17.0537,16.9981,16.9489,16.9059,16.8692,16.8387,16.8143,16.7961,16.7839,16.7779,16.7779,16.7839,16.7961,16.8143,16.8387,16.8692,16.9059,16.9489,16.9981,17.0537,17.1157,17.1841,17.2592,17.3409,17.4293,17.5245,17.6267,17.7358,17.8521,17.9756,18.1064,18.2446,18.3904,18.5437,18.7046,18.8733,19.0498,19.2341,19.4263,19.6263,19.8342,20.0498,20.2732,20.5042,20.7426,20.9884,21.2412,21.5009,21.7672,22.0396,22.3178,22.6014,22.89,23.1829,23.4797,23.7798,24.0825,24.3872,24.6933,25,
25,24.7055,24.4116,24.119,23.8282,23.5399,23.2546,22.9729,22.6952,22.422,22.1539,21.8912,21.6342,21.3833,21.1388,20.901,20.67,20.4461,20.2293,20.0198,19.8177,19.623,19.4358,19.2561,19.0838,18.919,18.7617,18.6117,18.469,18.3335,18.2052,18.084,17.9698,17.8625,17.762,17.6683,17.5813,17.5008,17.4269,17.3594,17.2983,17.2434,17.1948,17.1525,17.1162,17.0861,17.062,17.044,17.032,17.026,17.026,17.032,17.044,17.062,17.0861,17.1162,17.1525,17.1949,17.2435,17.2983,17.3594,17.4269,17.5009,17.5813,17.6683,17.762,17.8625,17.9698,18.084,18.2052,18.3335,18.469,18.6117,18.7617,18.9191,19.0839,19.2561,19.4358,19.623,19.8177,20.0198,20.2293,20.4461,20.67,20.901,21.1389,21.3834,21.6342,21.8912,22.1539,22.4221,22.6952,22.9729,23.2546,23.5399,23.8283,24.119,24.4116,24.7055,25,
25,24.7171,24.4349,24.1537,23.8743,23.5971,23.3228,23.0517,22.7844,22.5213,22.2629,22.0094,21.7614,21.5191,21.2827,21.0526,20.8289,20.6118,20.4015,20.1981,20.0017,19.8123,19.63,19.4549,19.2869,19.1261,18.9723,18.8257,18.6861,18.5534,18.4277,18.3089,18.1968,18.0915,17.9928,17.9007,17.8151,17.736,17.6632,17.5968,17.5365,17.4825,17.4346,17.3929,17.3571,17.3274,17.3036,17.2859,17.274,17.2681,17.2681,17.274,17.2859,17.3037,17.3274,17.3571,17.3929,17.4347,17.4825,17.5366,17.5968,17.6632,17.736,17.8152,17.9007,17.9928,18.0915,18.1968,18.3089,18.4277,18.5535,18.6861,18.8257,18.9724,19.1261,19.287,19.4549,19.6301,19.8123,20.0017,20.1981,20.4015,20.6118,20.8289,21.0526,21.2827,21.5191,21.7614,22.0095,22.2629,22.5213,22.7844,23.0517,23.3228,23.5972,23.8743,24.1537,24.4349,24.7171,25,
25,24.7282,24.4569,24.1867,23.9181,23.6516,23.3876,23.1268,22.8694,22.6159,22.3668,22.1223,21.8829,21.6488,21.4204,21.1977,20.9811,20.7708,20.5668,20.3694,20.1786,19.9945,19.8171,19.6466,19.4829,19.326,19.1759,19.0327,18.8962,18.7664,18.6434,18.527,18.4171,18.3139,18.217,18.1266,18.0426,17.9648,17.8933,17.8279,17.7687,17.7155,17.6684,17.6272,17.592,17.5627,17.5393,17.5218,17.5101,17.5043,17.5043,17.5101,17.5218,17.5393,17.5627,17.592,17.6272,17.6684,17.7155,17.7687,17.8279,17.8933,17.9648,18.0426,18.1267,18.2171,18.3139,18.4172,18.527,18.6434,18.7665,18.8962,19.0327,19.176,19.326,19.4829,19.6466,19.8172,19.9945,20.1786,20.3694,20.5669,20.7708,20.9812,21.1978,21.4204,21.6489,21.883,22.1224,22.3668,22.6159,22.8694,23.1268,23.3877,23.6516,23.9181,24.1867,24.4569,24.7282,25,
25,24.7387,24.4779,24.2181,23.9598,23.7034,23.4494,23.1983,22.9504,22.7062,22.466,22.2302,21.9991,21.773,21.5522,21.3368,21.1271,20.9234,20.7256,20.5341,20.3488,20.1699,19.9974,19.8314,19.672,19.5191,19.3727,19.2329,19.0996,18.9728,18.8524,18.7385,18.631,18.5298,18.4349,18.3462,18.2637,18.1874,18.1171,18.0529,17.9947,17.9424,17.8961,17.8556,17.821,17.7922,17.7691,17.7519,17.7404,17.7347,17.7347,17.7404,17.7519,17.7692,17.7922,17.821,17.8556,17.8961,17.9424,17.9947,18.0529,18.1171,18.1874,18.2637,18.3462,18.4349,18.5298,18.631,18.7385,18.8524,18.9728,19.0996,19.2329,19.3727,19.5191,19.672,19.8315,19.9975,20.1699,20.3488,20.5341,20.7257,20.9234,21.1272,21.3368,21.5522,21.773,21.9992,22.2303,22.4661,22.7062,22.9505,23.1983,23.4495,23.7034,23.9598,24.2181,24.4779,24.7387,25,
25,24.7487,24.498,24.2481,23.9996,23.7529,23.5084,23.2666,23.0278,22.7925,22.5609,22.3334,22.1103,21.8919,21.6785,21.4702,21.2673,21.0699,20.8783,20.6925,20.5126,20.3389,20.1712,20.0098,19.8546,19.7056,19.563,19.4266,19.2965,19.1726,19.055,18.9436,18.8384,18.7394,18.6464,18.5596,18.4787,18.4038,18.3349,18.2719,18.2148,18.1635,18.1179,18.0782,18.0441,18.0158,17.9932,17.9762,17.9649,17.9593,17.9593,17.965,17.9763,17.9932,18.0158,18.0442,18.0782,18.118,18.1635,18.2148,18.2719,18.335,18.4039,18.4787,18.5596,18.6465,18.7394,18.8385,18.9437,19.055,19.1727,19.2965,19.4266,19.563,19.7057,19.8546,20.0098,20.1713,20.3389,20.5127,20.6925,20.8783,21.07,21.2673,21.4702,21.6785,21.892,22.1104,22.3334,22.5609,22.7925,23.0279,23.2666,23.5084,23.7529,23.9996,24.2481,24.498,24.7488,25,
25,24.7583,24.5171,24.2767,24.0375,23.8001,23.5647,23.3319,23.1018,22.875,22.6517,22.4322,22.2169,22.0059,21.7996,21.5982,21.4019,21.2108,21.0251,20.8449,20.6704,20.5017,20.3389,20.1819,20.0309,19.8859,19.7469,19.614,19.4871,19.3662,19.2514,19.1426,19.0398,18.9429,18.8519,18.7669,18.6877,18.6144,18.5469,18.4851,18.429,18.3787,18.334,18.295,18.2616,18.2338,18.2116,18.1949,18.1838,18.1783,18.1783,18.1838,18.1949,18.2116,18.2338,18.2616,18.295,18.334,18.3787,18.4291,18.4851,18.5469,18.6144,18.6878,18.7669,18.852,18.9429,19.0398,19.1426,19.2514,19.3663,19.4871,19.614,19.747,19.8859,20.0309,20.1819,20.3389,20.5018,20.6705,20.845,21.0251,21.2108,21.4019,21.5982,21.7997,22.0059,22.2169,22.4322,22.6517,22.875,23.1019,23.3319,23.5648,23.8001,24.0376,24.2767,24.5171,24.7583,25,
25,24.7675,24.5353,24.304,24.0738,23.8452,23.6186,23.3943,23.1726,22.954,22.7386,22.5269,22.319,22.1153,21.9159,21.7211,21.5312,21.3462,21.1663,20.9917,20.8225,20.6587,20.5006,20.3481,20.2012,20.0602,19.9249,19.7954,19.6717,19.5538,19.4418,19.3356,19.2351,19.1405,19.0516,18.9684,18.8909,18.8191,18.753,18.6925,18.6376,18.5883,18.5445,18.5062,18.4735,18.4462,18.4244,18.4081,18.3972,18.3918,18.3918,18.3972,18.4081,18.4244,18.4462,18.4735,18.5062,18.5445,18.5883,18.6376,18.6925,18.753,18.8192,18.891,18.9684,19.0516,19.1405,19.2352,19.3356,19.4418,19.5539,19.6717,19.7954,19.9249,20.0602,20.2013,20.3481,20.5006,20.6588,20.8225,20.9917,21.1664,21.3462,21.5312,21.7212,21.9159,22.1153,22.319,22.5269,22.7386,22.954,23.1726,23.3943,23.6186,23.8452,24.0738,24.304,24.5353,24.7675,25,
25,24.7762,24.5528,24.3301,24.1085,23.8884,23.6702,23.454,23.2404,23.0296,22.8219,22.6176,22.417,22.2202,22.0276,21.8393,21.6555,21.4765,21.3023,21.1331,20.969,20.8102,20.6567,20.5085,20.3658,20.2286,20.097,19.9709,19.8505,19.7356,19.6264,19.5227,19.4247,19.3323,19.2455,19.1642,19.0885,19.0183,18.9536,18.8944,18.8406,18.7923,18.7494,18.7119,18.6799,18.6531,18.6318,18.6158,18.6051,18.5998,18.5998,18.6051,18.6158,18.6318,18.6531,18.6799,18.712,18.7494,18.7923,18.8406,18.8944,18.9536,19.0183,19.0885,19.1642,19.2455,19.3323,19.4248,19.5228,19.6264,19.7357,19.8505,19.971,20.0971,20.2287,20.3659,20.5086,20.6567,20.8102,20.9691,21.1332,21.3023,21.4765,21.6556,21.8393,22.0276,22.2202,22.417,22.6177,22.822,23.0297,23.2405,23.4541,23.6702,23.8884,24.1085,24.3301,24.5528,24.7762,25,
25,24.7846,24.5695,24.3551,24.1417,23.9298,23.7195,23.5113,23.3054,23.1022,22.9019,22.7047,22.5111,22.321,22.1349,21.9529,21.7752,21.6019,21.4333,21.2694,21.1104,20.9563,20.8073,20.6635,20.5249,20.3916,20.2636,20.1409,20.0237,19.9118,19.8054,19.7043,19.6087,19.5186,19.4338,19.3544,19.2805,19.2119,19.1486,19.0907,19.0382,18.9909,18.949,18.9123,18.8809,18.8547,18.8338,18.8181,18.8077,18.8025,18.8025,18.8077,18.8181,18.8338,18.8547,18.8809,18.9123,18.949,18.9909,19.0382,19.0908,19.1487,19.2119,19.2805,19.3545,19.4338,19.5186,19.6088,19.7044,19.8054,19.9118,20.0237,20.141,20.2636,20.3916,20.525,20.6636,20.8074,20.9564,21.1104,21.2694,21.4333,21.602,21.7752,21.953,22.135,22.3211,22.5111,22.7048,22.9019,23.1022,23.3055,23.5113,23.7196,23.9298,24.1418,24.3551,24.5695,24.7846,25,
25,24.7926,24.5855,24.3791,24.1736,23.9694,23.7669,23.5662,23.3678,23.1718,22.9786,22.7884,22.6015,22.418,22.2382,22.0623,21.8904,21.7228,21.5595,21.4008,21.2467,21.0974,20.9529,20.8133,20.6787,20.5492,20.4248,20.3055,20.1914,20.0826,19.9789,19.8805,19.7873,19.6994,19.6167,19.5393,19.4671,19.4001,19.3383,19.2818,19.2304,19.1842,19.1432,19.1073,19.0766,19.051,19.0306,19.0153,19.005,18.9999,18.9999,19.005,19.0153,19.0306,19.0511,19.0766,19.1074,19.1432,19.1843,19.2304,19.2818,19.3384,19.4001,19.4671,19.5393,19.6168,19.6994,19.7874,19.8805,19.979,20.0826,20.1915,20.3056,20.4248,20.5493,20.6788,20.8134,20.9529,21.0974,21.2468,21.4009,21.5596,21.7228,21.8905,22.0623,22.2382,22.418,22.6015,22.7885,22.9787,23.1719,23.3678,23.5663,23.7669,23.9695,24.1736,24.3791,24.5855,24.7926,25,
25,24.8003,24.6008,24.402,24.2042,24.0075,23.8123,23.619,23.4277,23.2387,23.0524,22.8689,22.6884,22.5112,22.3376,22.1675,22.0014,21.8393,21.6813,21.5276,21.3783,21.2336,21.0935,20.9581,20.8275,20.7017,20.5809,20.465,20.354,20.2481,20.1472,20.0514,19.9607,19.875,19.7944,19.7189,19.6485,19.5831,19.5229,19.4677,19.4175,19.3724,19.3323,19.2973,19.2673,19.2423,19.2223,19.2073,19.1973,19.1923,19.1923,19.1973,19.2073,19.2223,19.2423,19.2673,19.2973,19.3323,19.3724,19.4175,19.4677,19.5229,19.5832,19.6485,19.7189,19.7945,19.875,19.9607,20.0515,20.1473,20.2482,20.3541,20.465,20.5809,20.7018,20.8275,20.9582,21.0936,21.2337,21.3784,21.5276,21.6813,21.8393,22.0014,22.1676,22.3376,22.5113,22.6884,22.8689,23.0524,23.2388,23.4277,23.619,23.8123,24.0075,24.2042,24.402,24.6009,24.8003,25,
25,24.8076,24.6156,24.4241,24.2335,24.044,23.856,23.6696,23.4852,23.303,23.1233,22.9462,22.7721,22.601,22.4332,22.269,22.1084,21.9516,21.7987,21.65,21.5054,21.3652,21.2294,21.0981,20.9714,20.8494,20.732,20.6194,20.5116,20.4086,20.3105,20.2173,20.1289,20.0455,19.967,19.8935,19.8248,19.7611,19.7023,19.6485,19.5995,19.5555,19.5164,19.4822,19.4529,19.4285,19.4089,19.3943,19.3845,19.3797,19.3797,19.3846,19.3943,19.409,19.4285,19.4529,19.4822,19.5164,19.5555,19.5996,19.6485,19.7024,19.7611,19.8249,19.8935,19.9671,20.0456,20.129,20.2173,20.3105,20.4087,20.5116,20.6194,20.732,20.8494,20.9715,21.0982,21.2295,21.3653,21.5055,21.65,21.7988,21.9516,22.1084,22.269,22.4333,22.601,22.7721,22.9463,23.1233,23.3031,23.4853,23.6697,23.856,24.044,24.2335,24.4241,24.6156,24.8077,25,
25,24.8147,24.6298,24.4453,24.2617,24.0791,23.8979,23.7183,23.5406,23.3649,23.1915,23.0207,22.8526,22.6875,22.5255,22.3668,22.2115,22.0599,21.9121,21.7681,21.6282,21.4924,21.3608,21.2336,21.1107,20.9923,20.8784,20.769,20.6643,20.5643,20.4689,20.3782,20.2923,20.2111,20.1347,20.0631,19.9962,19.9342,19.8769,19.8244,19.7767,19.7337,19.6956,19.6622,19.6336,19.6098,19.5907,19.5765,19.5669,19.5622,19.5622,19.5669,19.5765,19.5908,19.6098,19.6336,19.6622,19.6956,19.7338,19.7767,19.8244,19.8769,19.9342,19.9963,20.0631,20.1348,20.2112,20.2923,20.3783,20.4689,20.5643,20.6644,20.7691,20.8784,20.9923,21.1107,21.2336,21.3609,21.4925,21.6283,21.7682,21.9121,22.06,22.2116,22.3668,22.5255,22.6875,22.8526,23.0207,23.1916,23.3649,23.5406,23.7184,23.898,24.0792,24.2617,24.4453,24.6298,24.8147,25,
25,24.8216,24.6434,24.4657,24.2888,24.1129,23.9383,23.7652,23.5938,23.4244,23.2572,23.0924,22.9302,22.7708,22.6144,22.4611,22.3111,22.1645,22.0215,21.8823,21.7469,21.6154,21.4879,21.3646,21.2455,21.1307,21.0202,20.9141,20.8124,20.7152,20.6226,20.5345,20.4509,20.372,20.2976,20.2279,20.1629,20.1024,20.0466,19.9955,19.949,19.9072,19.87,19.8375,19.8096,19.7864,19.7678,19.7538,19.7446,19.7399,19.7399,19.7446,19.7539,19.7678,19.7864,19.8096,19.8375,19.87,19.9072,19.949,19.9955,20.0467,20.1025,20.1629,20.228,20.2977,20.372,20.451,20.5345,20.6226,20.7153,20.8125,20.9141,21.0202,21.1307,21.2456,21.3647,21.488,21.6154,21.7469,21.8823,22.0216,22.1645,22.3111,22.4611,22.6144,22.7708,22.9303,23.0925,23.2573,23.4245,23.5939,23.7652,23.9383,24.1129,24.2888,24.4657,24.6434,24.8216,25,
25,24.8281,24.6565,24.4853,24.3149,24.1454,23.9772,23.8103,23.6451,23.4818,23.3206,23.1616,23.0051,22.8512,22.7001,22.5521,22.4071,22.2655,22.1273,21.9926,21.8616,21.7343,21.6109,21.4915,21.3761,21.2647,21.1576,21.0547,20.956,20.8617,20.7717,20.6861,20.605,20.5282,20.456,20.3882,20.3249,20.2661,20.2118,20.162,20.1167,20.076,20.0398,20.0081,19.9809,19.9583,19.9402,19.9266,19.9175,19.913,19.913,19.9175,19.9266,19.9402,19.9583,19.9809,20.0081,20.0398,20.076,20.1167,20.162,20.2118,20.2661,20.3249,20.3882,20.456,20.5283,20.605,20.6862,20.7718,20.8617,20.9561,21.0547,21.1576,21.2648,21.3761,21.4915,21.611,21.7344,21.8616,21.9926,22.1273,22.2655,22.4072,22.5521,22.7002,22.8512,23.0051,23.1616,23.3206,23.4818,23.6452,23.8103,23.9772,24.1454,24.3149,24.4853,24.6565,24.8281,25,
25,24.8344,24.6691,24.5042,24.34,24.1767,24.0146,23.8538,23.6946,23.5371,23.3816,23.2282,23.0772,22.9287,22.7829,22.6399,22.4999,22.3631,22.2295,22.0993,21.9725,21.8494,21.73,21.6143,21.5025,21.3947,21.2908,21.191,21.0953,21.0038,20.9165,20.8334,20.7545,20.68,20.6098,20.5439,20.4824,20.4252,20.3724,20.3239,20.2799,20.2403,20.205,20.1742,20.1477,20.1257,20.1081,20.0948,20.086,20.0816,20.0816,20.086,20.0948,20.1081,20.1257,20.1477,20.1742,20.205,20.2403,20.2799,20.324,20.3724,20.4252,20.4824,20.5439,20.6098,20.6801,20.7546,20.8334,20.9165,21.0038,21.0954,21.191,21.2908,21.3947,21.5026,21.6143,21.73,21.8494,21.9726,22.0993,22.2295,22.3631,22.5,22.64,22.783,22.9288,23.0773,23.2283,23.3816,23.5371,23.6946,23.8538,24.0146,24.1768,24.34,24.5042,24.6691,24.8344,25,
25,24.8405,24.6813,24.5224,24.3642,24.2069,24.0507,23.8957,23.7422,23.5904,23.4405,23.2926,23.1469,23.0036,22.8629,22.7248,22.5896,22.4574,22.3283,22.2024,22.0799,21.9608,21.8452,21.7333,21.625,21.5206,21.4199,21.3232,21.2305,21.1417,21.057,20.9764,20.8999,20.8275,20.7593,20.6953,20.6355,20.5799,20.5286,20.4815,20.4387,20.4001,20.3659,20.3358,20.3101,20.2887,20.2715,20.2587,20.2501,20.2458,20.2458,20.2501,20.2587,20.2715,20.2887,20.3101,20.3359,20.3659,20.4002,20.4387,20.4815,20.5286,20.58,20.6355,20.6953,20.7593,20.8275,20.8999,20.9764,21.057,21.1418,21.2305,21.3233,21.42,21.5206,21.6251,21.7333,21.8453,21.9608,22.0799,22.2025,22.3283,22.4575,22.5897,22.7249,22.8629,23.0036,23.1469,23.2926,23.4405,23.5905,23.7423,23.8957,24.0507,24.2069,24.3643,24.5224,24.6813,24.8405,25,
25,24.8464,24.693,24.54,24.3876,24.236,24.0855,23.9362,23.7882,23.6419,23.4973,23.3547,23.2142,23.0759,22.9401,22.8069,22.6763,22.5486,22.4239,22.3023,22.1838,22.0686,21.9568,21.8485,21.7438,21.6426,21.5452,21.4515,21.3616,21.2756,21.1934,21.1152,21.041,20.9708,20.9046,20.8425,20.7844,20.7304,20.6806,20.6348,20.5932,20.5557,20.5224,20.4933,20.4682,20.4474,20.4307,20.4182,20.4099,20.4057,20.4057,20.4099,20.4182,20.4307,20.4474,20.4683,20.4933,20.5224,20.5558,20.5932,20.6349,20.6806,20.7305,20.7844,20.8425,20.9046,20.9708,21.0411,21.1153,21.1935,21.2756,21.3617,21.4515,21.5452,21.6427,21.7438,21.8486,21.9569,22.0687,22.1838,22.3023,22.4239,22.5487,22.6764,22.8069,22.9402,23.076,23.2142,23.3547,23.4974,23.6419,23.7883,23.9362,24.0855,24.2361,24.3876,24.54,24.693,24.8464,25,
25,24.852,24.7043,24.5569,24.4101,24.2641,24.1191,23.9752,23.8327,23.6916,23.5522,23.4147,23.2792,23.1458,23.0148,22.8862,22.7602,22.6369,22.5164,22.3989,22.2844,22.1731,22.065,21.9603,21.8589,21.761,21.6667,21.576,21.4889,21.4056,21.326,21.2502,21.1782,21.1101,21.0459,20.9856,20.9292,20.8769,20.8284,20.784,20.7436,20.7072,20.6749,20.6465,20.6222,20.6019,20.5857,20.5736,20.5655,20.5614,20.5614,20.5655,20.5736,20.5857,20.602,20.6222,20.6465,20.6749,20.7072,20.7436,20.7841,20.8285,20.8769,20.9293,20.9856,21.0459,21.1101,21.1782,21.2502,21.326,21.4056,21.489,21.576,21.6667,21.7611,21.8589,21.9603,22.0651,22.1731,22.2845,22.3989,22.5165,22.6369,22.7602,22.8862,23.0148,23.1459,23.2792,23.4147,23.5523,23.6916,23.8327,23.9752,24.1191,24.2642,24.4102,24.5569,24.7043,24.8521,25,
25,24.8575,24.7152,24.5733,24.4319,24.2913,24.1515,24.0129,23.8756,23.7396,23.6053,23.4727,23.342,23.2134,23.087,22.963,22.8413,22.7223,22.606,22.4925,22.3819,22.2743,22.1699,22.0686,21.9706,21.8759,21.7846,21.6968,21.6125,21.5318,21.4547,21.3812,21.3115,21.2455,21.1832,21.1248,21.0701,21.0193,20.9723,20.9292,20.89,20.8547,20.8232,20.7957,20.7721,20.7525,20.7367,20.7249,20.717,20.7131,20.7131,20.717,20.7249,20.7367,20.7525,20.7721,20.7957,20.8233,20.8547,20.89,20.9293,20.9724,21.0193,21.0701,21.1248,21.1833,21.2455,21.3115,21.3813,21.4547,21.5318,21.6125,21.6968,21.7846,21.8759,21.9706,22.0686,22.1699,22.2744,22.382,22.4925,22.606,22.7224,22.8414,22.963,23.0871,23.2135,23.3421,23.4727,23.6053,23.7397,23.8756,24.0129,24.1516,24.2913,24.4319,24.5733,24.7152,24.8575,25,
25,24.8628,24.7258,24.5891,24.4529,24.3175,24.1829,24.0494,23.917,23.7861,23.6566,23.5288,23.4028,23.2788,23.1569,23.0373,22.9199,22.8051,22.6928,22.5832,22.4764,22.3725,22.2715,22.1736,22.0789,21.9873,21.899,21.8141,21.7325,21.6544,21.5797,21.5086,21.4411,21.3771,21.3168,21.2601,21.2072,21.1579,21.1124,21.0705,21.0325,20.9982,20.9677,20.941,20.9181,20.899,20.8838,20.8723,20.8647,20.8608,20.8608,20.8647,20.8723,20.8838,20.8991,20.9182,20.9411,20.9678,20.9983,21.0325,21.0706,21.1124,21.1579,21.2072,21.2602,21.3168,21.3772,21.4411,21.5087,21.5798,21.6544,21.7326,21.8141,21.8991,21.9874,22.0789,22.1737,22.2716,22.3725,22.4764,22.5832,22.6928,22.8051,22.92,23.0373,23.157,23.2789,23.4029,23.5288,23.6566,23.7861,23.9171,24.0494,24.1829,24.3175,24.4529,24.5891,24.7258,24.8628,25,
25,24.8679,24.736,24.6044,24.4733,24.3428,24.2132,24.0846,23.9571,23.831,23.7062,23.5831,23.4617,23.3421,23.2246,23.1092,22.996,22.8852,22.7769,22.6711,22.568,22.4676,22.3701,22.2756,22.184,22.0955,22.0101,21.928,21.8491,21.7735,21.7013,21.6325,21.5671,21.5051,21.4467,21.3918,21.3405,21.2928,21.2486,21.2081,21.1712,21.138,21.1084,21.0826,21.0603,21.0418,21.027,21.0159,21.0085,21.0048,21.0048,21.0085,21.0159,21.027,21.0418,21.0604,21.0826,21.1085,21.138,21.1713,21.2081,21.2487,21.2928,21.3405,21.3919,21.4468,21.5052,21.5671,21.6325,21.7013,21.7736,21.8491,21.928,22.0102,22.0955,22.184,22.2756,22.3702,22.4677,22.568,22.6711,22.7769,22.8852,22.9961,23.1092,23.2246,23.3422,23.4617,23.5831,23.7063,23.831,23.9572,24.0846,24.2133,24.3429,24.4733,24.6044,24.736,24.8679,25,
25,24.8728,24.7458,24.6191,24.4929,24.3674,24.2426,24.1187,23.996,23.8744,23.7543,23.6357,23.5187,23.4035,23.2902,23.1789,23.0698,22.9629,22.8584,22.7563,22.6568,22.5599,22.4658,22.3745,22.286,22.2005,22.1181,22.0387,21.9624,21.8893,21.8194,21.7529,21.6896,21.6297,21.5731,21.52,21.4703,21.424,21.3813,21.3421,21.3063,21.2741,21.2455,21.2204,21.1989,21.1809,21.1666,21.1558,21.1486,21.145,21.145,21.1486,21.1558,21.1666,21.1809,21.1989,21.2204,21.2455,21.2741,21.3063,21.3421,21.3813,21.4241,21.4703,21.52,21.5731,21.6297,21.6896,21.7529,21.8195,21.8893,21.9624,22.0387,22.1181,22.2006,22.2861,22.3745,22.4659,22.56,22.6569,22.7564,22.8584,22.9629,23.0698,23.1789,23.2902,23.4035,23.5187,23.6357,23.7543,23.8745,23.996,24.1187,24.2426,24.3674,24.493,24.6192,24.7458,24.8728,25,
25,24.8776,24.7554,24.6334,24.512,24.3911,24.271,24.1517,24.0336,23.9165,23.8008,23.6866,23.5739,23.4629,23.3537,23.2465,23.1413,23.0382,22.9374,22.839,22.743,22.6495,22.5587,22.4705,22.3851,22.3026,22.2229,22.1462,22.0725,22.0019,21.9343,21.8699,21.8088,21.7508,21.6961,21.6447,21.5966,21.5518,21.5105,21.4725,21.4379,21.4067,21.379,21.3547,21.3338,21.3164,21.3025,21.2921,21.2851,21.2816,21.2816,21.2851,21.2921,21.3025,21.3164,21.3338,21.3547,21.379,21.4067,21.4379,21.4725,21.5105,21.5519,21.5966,21.6447,21.6961,21.7508,21.8088,21.87,21.9344,22.0019,22.0725,22.1462,22.223,22.3026,22.3852,22.4706,22.5587,22.6496,22.743,22.839,22.9375,23.0383,23.1413,23.2465,23.3537,23.4629,23.5739,23.6866,23.8009,23.9166,24.0336,24.1518,24.271,24.3911,24.512,24.6335,24.7554,24.8776,25,
25,24.8822,24.7646,24.6473,24.5304,24.4141,24.2985,24.1837,24.07,23.9573,23.8459,23.7359,23.6274,23.5205,23.4153,23.312,23.2106,23.1113,23.0141,22.9192,22.8267,22.7365,22.6489,22.5638,22.4814,22.4017,22.3248,22.2507,22.1795,22.1113,22.0461,21.9838,21.9247,21.8687,21.8158,21.7661,21.7196,21.6763,21.6363,21.5995,21.566,21.5359,21.509,21.4855,21.4653,21.4485,21.435,21.4249,21.4182,21.4148,21.4148,21.4182,21.4249,21.435,21.4485,21.4653,21.4855,21.509,21.5359,21.566,21.5995,21.6363,21.6763,21.7196,21.7661,21.8158,21.8687,21.9247,21.9839,22.0461,22.1113,22.1796,22.2508,22.3248,22.4018,22.4815,22.5639,22.6489,22.7366,22.8267,22.9193,23.0142,23.1113,23.2107,23.312,23.4153,23.5205,23.6274,23.7359,23.8459,23.9573,24.07,24.1838,24.2985,24.4141,24.5304,24.6473,24.7646,24.8822,25,
25,24.8867,24.7736,24.6607,24.5483,24.4364,24.3251,24.2147,24.1053,23.9968,23.8896,23.7837,23.6793,23.5763,23.4751,23.3755,23.2779,23.1822,23.0886,22.9971,22.9079,22.821,22.7365,22.6545,22.575,22.4981,22.4239,22.3524,22.2837,22.2178,22.1548,22.0947,22.0375,21.9834,21.9323,21.8843,21.8393,21.7975,21.7588,21.7232,21.6909,21.6617,21.6357,21.613,21.5935,21.5772,21.5641,21.5544,21.5478,21.5446,21.5446,21.5478,21.5544,21.5642,21.5772,21.5935,21.613,21.6357,21.6617,21.6909,21.7233,21.7588,21.7975,21.8393,21.8843,21.9323,21.9834,22.0376,22.0947,22.1548,22.2178,22.2837,22.3524,22.4239,22.4981,22.575,22.6545,22.7365,22.8211,22.908,22.9972,23.0886,23.1823,23.2779,23.3756,23.4751,23.5764,23.6793,23.7838,23.8897,23.9969,24.1053,24.2148,24.3252,24.4364,24.5483,24.6607,24.7736,24.8867,25,
25,24.8911,24.7823,24.6737,24.5656,24.458,24.351,24.2448,24.1395,24.0352,23.932,23.8301,23.7296,23.6305,23.5331,23.4373,23.3432,23.2511,23.1609,23.0728,22.9868,22.9031,22.8216,22.7426,22.6659,22.5918,22.5202,22.4512,22.3849,22.3214,22.2605,22.2025,22.1474,22.0951,22.0458,21.9994,21.956,21.9155,21.8781,21.8438,21.8125,21.7843,21.7592,21.7372,21.7184,21.7026,21.69,21.6806,21.6743,21.6711,21.6711,21.6743,21.6806,21.69,21.7026,21.7184,21.7373,21.7592,21.7843,21.8125,21.8438,21.8782,21.9156,21.956,21.9994,22.0458,22.0952,22.1474,22.2026,22.2606,22.3214,22.385,22.4513,22.5202,22.5918,22.666,22.7426,22.8217,22.9031,22.9869,23.0729,23.161,23.2511,23.3433,23.4373,23.5331,23.6306,23.7296,23.8302,23.9321,24.0352,24.1395,24.2448,24.351,24.458,24.5656,24.6738,24.7823,24.8911,25,
25,24.8953,24.7907,24.6864,24.5824,24.4789,24.3761,24.274,24.1727,24.0724,23.9732,23.8752,23.7785,23.6832,23.5894,23.4972,23.4067,23.318,23.2312,23.1464,23.0636,22.9829,22.9044,22.8282,22.7544,22.6829,22.6139,22.5474,22.4835,22.4222,22.3635,22.3076,22.2544,22.2039,22.1563,22.1115,22.0696,22.0306,21.9945,21.9613,21.9311,21.9039,21.8796,21.8584,21.8402,21.825,21.8128,21.8036,21.7976,21.7945,21.7945,21.7976,21.8037,21.8128,21.825,21.8402,21.8584,21.8796,21.9039,21.9311,21.9613,21.9945,22.0306,22.0696,22.1116,22.1563,22.204,22.2544,22.3076,22.3636,22.4222,22.4835,22.5475,22.614,22.683,22.7544,22.8283,22.9045,22.9829,23.0636,23.1464,23.2312,23.318,23.4067,23.4972,23.5894,23.6832,23.7785,23.8752,23.9732,24.0724,24.1727,24.274,24.3761,24.4789,24.5824,24.6864,24.7907,24.8953,25,
25,24.8994,24.7989,24.6986,24.5987,24.4993,24.4004,24.3023,24.2049,24.1085,24.0132,23.9189,23.8259,23.7343,23.6441,23.5554,23.4684,23.383,23.2995,23.2178,23.1381,23.0605,22.9849,22.9116,22.8404,22.7716,22.7051,22.6411,22.5795,22.5204,22.4638,22.4099,22.3586,22.3099,22.264,22.2208,22.1804,22.1427,22.1079,22.0759,22.0467,22.0204,21.997,21.9765,21.9589,21.9442,21.9325,21.9237,21.9178,21.9149,21.9149,21.9178,21.9237,21.9325,21.9443,21.9589,21.9765,21.997,22.0204,22.0467,22.0759,22.1079,22.1427,22.1804,22.2208,22.264,22.31,22.3586,22.4099,22.4639,22.5204,22.5795,22.6411,22.7052,22.7716,22.8405,22.9116,22.985,23.0605,23.1382,23.2179,23.2995,23.3831,23.4684,23.5554,23.6441,23.7343,23.826,23.919,24.0132,24.1086,24.205,24.3023,24.4004,24.4993,24.5987,24.6986,24.7989,24.8994,25,
25,24.9034,24.8068,24.7105,24.6145,24.519,24.4241,24.3298,24.2363,24.1436,24.052,23.9614,23.8721,23.784,23.6973,23.612,23.5283,23.4462,23.3659,23.2874,23.2107,23.136,23.0633,22.9927,22.9242,22.8579,22.7939,22.7322,22.6729,22.616,22.5615,22.5095,22.4601,22.4132,22.369,22.3273,22.2883,22.252,22.2184,22.1876,22.1595,22.1341,22.1115,22.0918,22.0748,22.0606,22.0493,22.0408,22.0351,22.0323,22.0323,22.0351,22.0408,22.0493,22.0606,22.0748,22.0918,22.1115,22.1341,22.1595,22.1876,22.2185,22.2521,22.2884,22.3273,22.369,22.4133,22.4601,22.5096,22.5616,22.616,22.6729,22.7323,22.794,22.858,22.9242,22.9927,23.0633,23.136,23.2107,23.2874,23.3659,23.4463,23.5283,23.612,23.6973,23.784,23.8721,23.9615,24.052,24.1437,24.2363,24.3298,24.4241,24.519,24.6146,24.7105,24.8068,24.9034,25,
25,24.9072,24.8145,24.7221,24.6299,24.5382,24.4471,24.3565,24.2667,24.1778,24.0897,24.0028,23.9169,23.8323,23.749,23.667,23.5866,23.5077,23.4305,23.355,23.2813,23.2095,23.1396,23.0716,23.0058,22.942,22.8804,22.8211,22.764,22.7092,22.6567,22.6067,22.5591,22.5139,22.4713,22.4312,22.3936,22.3586,22.3263,22.2965,22.2694,22.245,22.2232,22.2042,22.1878,22.1742,22.1632,22.155,22.1496,22.1468,22.1468,22.1496,22.1551,22.1633,22.1742,22.1878,22.2042,22.2233,22.245,22.2695,22.2966,22.3263,22.3587,22.3936,22.4312,22.4713,22.514,22.5591,22.6067,22.6568,22.7092,22.764,22.8211,22.8805,22.9421,23.0058,23.0717,23.1396,23.2095,23.2814,23.3551,23.4306,23.5078,23.5867,23.6671,23.749,23.8323,23.9169,24.0028,24.0898,24.1778,24.2667,24.3565,24.4471,24.5382,24.63,24.7221,24.8145,24.9072,25,
25,24.911,24.822,24.7333,24.6449,24.5569,24.4694,24.3825,24.2963,24.2109,24.1265,24.043,23.9605,23.8793,23.7993,23.7206,23.6434,23.5676,23.4934,23.4209,23.3501,23.281,23.2138,23.1486,23.0852,23.0239,22.9647,22.9076,22.8527,22.8,22.7495,22.7014,22.6556,22.6121,22.5711,22.5325,22.4963,22.4627,22.4315,22.4029,22.3768,22.3532,22.3323,22.3139,22.2982,22.285,22.2745,22.2666,22.2613,22.2587,22.2587,22.2613,22.2666,22.2745,22.285,22.2982,22.3139,22.3323,22.3533,22.3768,22.4029,22.4315,22.4627,22.4964,22.5325,22.5711,22.6122,22.6556,22.7014,22.7496,22.8,22.8527,22.9077,22.9648,23.024,23.0853,23.1486,23.2139,23.2811,23.3501,23.4209,23.4935,23.5676,23.6434,23.7206,23.7993,23.8793,23.9606,24.043,24.1265,24.211,24.2964,24.3825,24.4694,24.5569,24.6449,24.7333,24.822,24.911,25,
25,24.9146,24.8293,24.7443,24.6595,24.5751,24.4911,24.4078,24.3251,24.2432,24.1622,24.0821,24.003,23.925,23.8483,23.7728,23.6986,23.6259,23.5547,23.485,23.417,23.3507,23.2862,23.2235,23.1627,23.1038,23.0469,22.992,22.9392,22.8886,22.8401,22.7938,22.7497,22.7079,22.6685,22.6313,22.5966,22.5642,22.5342,22.5066,22.4815,22.4589,22.4387,22.4211,22.4059,22.3932,22.3831,22.3755,22.3704,22.3679,22.3679,22.3704,22.3755,22.3831,22.3932,22.4059,22.4211,22.4387,22.4589,22.4816,22.5067,22.5342,22.5642,22.5966,22.6314,22.6685,22.708,22.7498,22.7938,22.8401,22.8886,22.9393,22.992,23.0469,23.1038,23.1627,23.2235,23.2862,23.3508,23.4171,23.4851,23.5547,23.6259,23.6987,23.7728,23.8483,23.9251,24.003,24.0821,24.1622,24.2433,24.3252,24.4078,24.4912,24.5751,24.6595,24.7443,24.8293,24.9146,25,
25,24.9182,24.8364,24.7549,24.6736,24.5927,24.5123,24.4324,24.3532,24.2747,24.197,24.1202,24.0443,23.9696,23.896,23.8236,23.7524,23.6827,23.6144,23.5476,23.4823,23.4187,23.3568,23.2966,23.2382,23.1816,23.127,23.0743,23.0236,22.975,22.9284,22.8839,22.8416,22.8014,22.7635,22.7278,22.6944,22.6633,22.6345,22.608,22.5838,22.5621,22.5427,22.5257,22.5111,22.4989,22.4892,22.4819,22.477,22.4746,22.4746,22.477,22.4819,22.4892,22.499,22.5111,22.5257,22.5427,22.5621,22.5839,22.608,22.6345,22.6633,22.6944,22.7279,22.7636,22.8015,22.8416,22.8839,22.9284,22.975,23.0237,23.0744,23.127,23.1817,23.2382,23.2966,23.3568,23.4187,23.4823,23.5476,23.6144,23.6827,23.7525,23.8236,23.896,23.9696,24.0444,24.1202,24.197,24.2747,24.3532,24.4324,24.5123,24.5928,24.6736,24.7549,24.8365,24.9182,25,
25,24.9216,24.8434,24.7653,24.6874,24.61,24.5329,24.4564,24.3805,24.3053,24.2309,24.1573,24.0846,24.013,23.9425,23.8731,23.8049,23.7381,23.6726,23.6085,23.546,23.485,23.4256,23.3678,23.3118,23.2576,23.2052,23.1546,23.106,23.0593,23.0146,22.9719,22.9313,22.8927,22.8563,22.8221,22.79,22.7601,22.7324,22.707,22.6838,22.6629,22.6443,22.6279,22.6139,22.6022,22.5929,22.5858,22.5812,22.5788,22.5788,22.5812,22.5859,22.5929,22.6022,22.6139,22.6279,22.6443,22.6629,22.6838,22.707,22.7324,22.7601,22.79,22.8221,22.8564,22.8928,22.9313,22.9719,23.0146,23.0593,23.106,23.1547,23.2052,23.2576,23.3119,23.3679,23.4256,23.485,23.546,23.6086,23.6726,23.7381,23.8049,23.8731,23.9425,24.013,24.0847,24.1573,24.2309,24.3053,24.3805,24.4564,24.5329,24.61,24.6875,24.7653,24.8434,24.9216,25,
25,24.925,24.8501,24.7754,24.7009,24.6267,24.553,24.4798,24.4071,24.3352,24.2639,24.1935,24.1239,24.0553,23.9878,23.9214,23.8561,23.7921,23.7293,23.668,23.6081,23.5496,23.4927,23.4374,23.3837,23.3317,23.2815,23.233,23.1864,23.1416,23.0988,23.0578,23.0189,22.9819,22.947,22.9141,22.8834,22.8547,22.8281,22.8037,22.7815,22.7614,22.7435,22.7279,22.7144,22.7032,22.6942,22.6875,22.683,22.6807,22.6807,22.683,22.6875,22.6942,22.7032,22.7144,22.7279,22.7435,22.7614,22.7815,22.8037,22.8281,22.8547,22.8834,22.9142,22.947,22.982,23.0189,23.0579,23.0988,23.1417,23.1864,23.2331,23.2815,23.3318,23.3838,23.4374,23.4927,23.5496,23.6081,23.668,23.7294,23.7921,23.8561,23.9214,23.9878,24.0554,24.1239,24.1935,24.2639,24.3352,24.4072,24.4798,24.553,24.6268,24.7009,24.7754,24.8501,24.925,25,
25,24.9283,24.8567,24.7852,24.714,24.6431,24.5726,24.5026,24.4331,24.3643,24.2961,24.2288,24.1622,24.0966,24.032,23.9685,23.906,23.8448,23.7847,23.726,23.6687,23.6127,23.5583,23.5053,23.4539,23.4042,23.356,23.3096,23.265,23.2221,23.181,23.1418,23.1045,23.0691,23.0356,23.0041,22.9746,22.9471,22.9217,22.8983,22.877,22.8577,22.8406,22.8256,22.8127,22.8019,22.7933,22.7869,22.7825,22.7804,22.7804,22.7825,22.7869,22.7933,22.8019,22.8127,22.8256,22.8406,22.8577,22.877,22.8983,22.9217,22.9472,22.9746,23.0042,23.0357,23.0691,23.1045,23.1419,23.1811,23.2221,23.265,23.3097,23.3561,23.4042,23.454,23.5053,23.5583,23.6128,23.6687,23.7261,23.7848,23.8448,23.906,23.9685,24.0321,24.0967,24.1623,24.2288,24.2961,24.3643,24.4331,24.5026,24.5726,24.6431,24.714,24.7852,24.8567,24.9283,25,
25,24.9315,24.8631,24.7948,24.7268,24.6591,24.5917,24.5248,24.4585,24.3927,24.3276,24.2632,24.1996,24.137,24.0752,24.0145,23.9548,23.8962,23.8388,23.7827,23.7279,23.6744,23.6223,23.5717,23.5225,23.4749,23.4289,23.3845,23.3418,23.3007,23.2614,23.2239,23.1882,23.1543,23.1223,23.0921,23.0639,23.0376,23.0132,22.9908,22.9704,22.952,22.9356,22.9212,22.9088,22.8985,22.8903,22.8841,22.88,22.8779,22.8779,22.88,22.8841,22.8903,22.8985,22.9088,22.9212,22.9356,22.952,22.9704,22.9908,23.0132,23.0376,23.0639,23.0921,23.1223,23.1543,23.1882,23.224,23.2615,23.3008,23.3418,23.3845,23.4289,23.4749,23.5225,23.5717,23.6223,23.6744,23.7279,23.7827,23.8389,23.8962,23.9548,24.0145,24.0752,24.137,24.1997,24.2632,24.3276,24.3927,24.4585,24.5248,24.5917,24.6591,24.7268,24.7948,24.8631,24.9315,25,
25,24.9346,24.8694,24.8042,24.7393,24.6747,24.6104,24.5466,24.4832,24.4204,24.3583,24.2969,24.2362,24.1763,24.1174,24.0594,24.0024,23.9465,23.8917,23.8381,23.7857,23.7346,23.6849,23.6365,23.5896,23.5441,23.5001,23.4577,23.4169,23.3776,23.3401,23.3042,23.2701,23.2377,23.2071,23.1782,23.1512,23.126,23.1027,23.0813,23.0618,23.0442,23.0285,23.0147,23.0029,22.9931,22.9852,22.9793,22.9753,22.9733,22.9733,22.9753,22.9793,22.9852,22.9931,23.0029,23.0148,23.0285,23.0442,23.0618,23.0813,23.1028,23.1261,23.1512,23.1782,23.2071,23.2377,23.2701,23.3042,23.3401,23.3777,23.4169,23.4577,23.5001,23.5441,23.5896,23.6365,23.6849,23.7347,23.7858,23.8381,23.8917,23.9465,24.0024,24.0594,24.1174,24.1764,24.2362,24.2969,24.3583,24.4205,24.4832,24.5466,24.6104,24.6747,24.7393,24.8042,24.8694,24.9346,25,
25,24.9377,24.8755,24.8134,24.7515,24.6899,24.6286,24.5678,24.5074,24.4476,24.3883,24.3297,24.2719,24.2148,24.1586,24.1033,24.049,23.9956,23.9434,23.8923,23.8423,23.7936,23.7461,23.6999,23.6551,23.6117,23.5698,23.5293,23.4903,23.4529,23.417,23.3828,23.3502,23.3193,23.29,23.2625,23.2367,23.2127,23.1904,23.17,23.1513,23.1345,23.1195,23.1064,23.0951,23.0857,23.0781,23.0725,23.0687,23.0668,23.0668,23.0687,23.0725,23.0781,23.0857,23.0951,23.1064,23.1195,23.1345,23.1513,23.17,23.1904,23.2127,23.2367,23.2625,23.2901,23.3193,23.3502,23.3828,23.4171,23.4529,23.4903,23.5293,23.5698,23.6118,23.6552,23.7,23.7461,23.7936,23.8423,23.8923,23.9434,23.9957,24.049,24.1033,24.1586,24.2149,24.2719,24.3298,24.3883,24.4476,24.5074,24.5678,24.6287,24.6899,24.7515,24.8134,24.8755,24.9377,25,
25,24.9407,24.8815,24.8224,24.7635,24.7048,24.6465,24.5885,24.531,24.4741,24.4177,24.3619,24.3068,24.2525,24.1989,24.1463,24.0945,24.0437,23.9939,23.9452,23.8976,23.8512,23.806,23.762,23.7193,23.678,23.638,23.5994,23.5622,23.5266,23.4924,23.4598,23.4287,23.3992,23.3713,23.345,23.3204,23.2975,23.2763,23.2568,23.239,23.223,23.2087,23.1961,23.1854,23.1764,23.1692,23.1638,23.1602,23.1584,23.1584,23.1602,23.1638,23.1692,23.1764,23.1854,23.1961,23.2087,23.223,23.239,23.2568,23.2763,23.2976,23.3205,23.3451,23.3713,23.3992,23.4287,23.4598,23.4924,23.5266,23.5623,23.5994,23.638,23.678,23.7194,23.762,23.806,23.8512,23.8977,23.9453,23.994,24.0437,24.0945,24.1463,24.199,24.2525,24.3068,24.3619,24.4177,24.4741,24.5311,24.5886,24.6465,24.7048,24.7635,24.8224,24.8815,24.9407,25,
25,24.9436,24.8873,24.8311,24.7751,24.7194,24.6639,24.6088,24.5542,24.5,24.4464,24.3934,24.341,24.2893,24.2384,24.1883,24.1391,24.0908,24.0434,23.9971,23.9518,23.9077,23.8646,23.8228,23.7822,23.7428,23.7048,23.6681,23.6327,23.5987,23.5662,23.5351,23.5056,23.4775,23.4509,23.4259,23.4025,23.3807,23.3605,23.3419,23.325,23.3097,23.2961,23.2841,23.2739,23.2653,23.2585,23.2533,23.2499,23.2482,23.2482,23.2499,23.2533,23.2585,23.2653,23.2739,23.2841,23.2961,23.3097,23.325,23.3419,23.3605,23.3807,23.4025,23.426,23.451,23.4775,23.5056,23.5352,23.5662,23.5988,23.6327,23.6681,23.7048,23.7429,23.7822,23.8228,23.8647,23.9077,23.9519,23.9971,24.0435,24.0908,24.1391,24.1883,24.2384,24.2893,24.341,24.3934,24.4464,24.5,24.5542,24.6089,24.6639,24.7194,24.7751,24.8311,24.8873,24.9436,25,
25,24.9465,24.893,24.8397,24.7866,24.7336,24.681,24.6287,24.5769,24.5254,24.4745,24.4242,24.3744,24.3254,24.2771,24.2295,24.1828,24.1369,24.0919,24.0479,24.0049,23.963,23.9221,23.8824,23.8438,23.8064,23.7702,23.7354,23.7018,23.6695,23.6386,23.6091,23.5809,23.5542,23.529,23.5053,23.483,23.4622,23.443,23.4254,23.4093,23.3947,23.3818,23.3704,23.3607,23.3526,23.3461,23.3412,23.3379,23.3363,23.3363,23.3379,23.3412,23.3461,23.3526,23.3607,23.3704,23.3818,23.3947,23.4093,23.4254,23.4431,23.4623,23.483,23.5053,23.529,23.5543,23.581,23.6091,23.6386,23.6695,23.7018,23.7354,23.7703,23.8064,23.8438,23.8824,23.9221,23.963,24.005,24.048,24.092,24.1369,24.1828,24.2295,24.2771,24.3254,24.3745,24.4242,24.4745,24.5254,24.5769,24.6287,24.681,24.7337,24.7866,24.8397,24.8931,24.9465,25,
25,24.9493,24.8987,24.8481,24.7978,24.7476,24.6978,24.6482,24.5991,24.5503,24.5021,24.4544,24.4072,24.3608,24.3149,24.2699,24.2256,24.1821,24.1395,24.0978,24.057,24.0172,23.9785,23.9408,23.9042,23.8687,23.8344,23.8014,23.7695,23.7389,23.7096,23.6816,23.6549,23.6296,23.6056,23.5831,23.562,23.5423,23.524,23.5073,23.492,23.4782,23.4659,23.4551,23.4459,23.4382,23.432,23.4274,23.4243,23.4227,23.4227,23.4243,23.4274,23.432,23.4382,23.4459,23.4552,23.4659,23.4782,23.492,23.5073,23.5241,23.5423,23.562,23.5831,23.6056,23.6296,23.6549,23.6816,23.7096,23.7389,23.7695,23.8014,23.8345,23.8688,23.9042,23.9408,23.9785,24.0172,24.057,24.0978,24.1395,24.1821,24.2256,24.2699,24.315,24.3608,24.4073,24.4544,24.5021,24.5503,24.5991,24.6482,24.6978,24.7476,24.7978,24.8481,24.8987,24.9493,25,
25,24.9521,24.9042,24.8564,24.8088,24.7613,24.7142,24.6673,24.6208,24.5747,24.5291,24.484,24.4394,24.3954,24.3521,24.3095,24.2675,24.2264,24.1861,24.1466,24.1081,24.0704,24.0338,23.9981,23.9635,23.9299,23.8975,23.8661,23.836,23.807,23.7792,23.7527,23.7275,23.7035,23.6808,23.6595,23.6395,23.6208,23.6036,23.5877,23.5732,23.5602,23.5485,23.5383,23.5296,23.5223,23.5164,23.512,23.5091,23.5076,23.5076,23.5091,23.512,23.5164,23.5223,23.5296,23.5383,23.5485,23.5602,23.5732,23.5877,23.6036,23.6209,23.6395,23.6595,23.6809,23.7035,23.7275,23.7528,23.7793,23.807,23.836,23.8662,23.8975,23.9299,23.9635,23.9981,24.0338,24.0704,24.1081,24.1467,24.1861,24.2264,24.2676,24.3095,24.3521,24.3955,24.4394,24.484,24.5291,24.5748,24.6208,24.6673,24.7142,24.7613,24.8088,24.8564,24.9042,24.9521,25,
25,24.9548,24.9096,24.8645,24.8195,24.7748,24.7303,24.6861,24.6422,24.5987,24.5556,24.513,24.471,24.4295,24.3886,24.3483,24.3088,24.2699,24.2319,24.1946,24.1582,24.1227,24.088,24.0544,24.0217,23.99,23.9593,23.9298,23.9013,23.8739,23.8477,23.8226,23.7988,23.7761,23.7547,23.7346,23.7157,23.6981,23.6817,23.6667,23.6531,23.6407,23.6297,23.6201,23.6118,23.6049,23.5994,23.5952,23.5925,23.5911,23.5911,23.5925,23.5952,23.5994,23.6049,23.6118,23.6201,23.6297,23.6407,23.6531,23.6668,23.6818,23.6981,23.7157,23.7346,23.7547,23.7762,23.7988,23.8227,23.8477,23.8739,23.9013,23.9298,23.9594,23.99,24.0217,24.0544,24.0881,24.1227,24.1582,24.1946,24.2319,24.27,24.3088,24.3483,24.3886,24.4295,24.471,24.5131,24.5556,24.5987,24.6422,24.6861,24.7303,24.7748,24.8195,24.8645,24.9096,24.9548,25,
25,24.9574,24.9149,24.8724,24.8301,24.788,24.7461,24.7045,24.6632,24.6222,24.5817,24.5416,24.502,24.4629,24.4244,24.3865,24.3492,24.3127,24.2768,24.2418,24.2075,24.174,24.1414,24.1097,24.0789,24.049,24.0202,23.9923,23.9655,23.9397,23.915,23.8914,23.8689,23.8475,23.8274,23.8084,23.7906,23.774,23.7586,23.7445,23.7316,23.7199,23.7096,23.7005,23.6927,23.6862,23.681,23.677,23.6744,23.6731,23.6731,23.6744,23.677,23.681,23.6862,23.6927,23.7005,23.7096,23.7199,23.7316,23.7445,23.7586,23.774,23.7906,23.8084,23.8274,23.8476,23.8689,23.8914,23.915,23.9397,23.9655,23.9923,24.0202,24.049,24.0789,24.1097,24.1414,24.174,24.2075,24.2418,24.2769,24.3127,24.3493,24.3865,24.4244,24.4629,24.502,24.5416,24.5817,24.6222,24.6632,24.7045,24.7461,24.788,24.8301,24.8724,24.9149,24.9574,25,
25,24.96,24.9201,24.8802,24.8405,24.801,24.7616,24.7226,24.6838,24.6454,24.6073,24.5696,24.5325,24.4958,24.4596,24.424,24.389,24.3547,24.3211,24.2881,24.2559,24.2245,24.1938,24.164,24.1351,24.1071,24.08,24.0538,24.0286,24.0044,23.9811,23.959,23.9379,23.9178,23.8988,23.881,23.8643,23.8487,23.8342,23.8209,23.8088,23.7979,23.7881,23.7796,23.7723,23.7661,23.7612,23.7576,23.7551,23.7539,23.7539,23.7551,23.7576,23.7612,23.7661,23.7723,23.7796,23.7881,23.7979,23.8088,23.8209,23.8342,23.8487,23.8643,23.881,23.8989,23.9178,23.9379,23.959,23.9812,24.0044,24.0286,24.0538,24.08,24.1071,24.1351,24.1641,24.1939,24.2245,24.2559,24.2881,24.3211,24.3547,24.3891,24.424,24.4596,24.4958,24.5325,24.5697,24.6073,24.6454,24.6838,24.7226,24.7617,24.801,24.8405,24.8802,24.9201,24.96,25,
25,24.9626,24.9252,24.8879,24.8508,24.8138,24.7769,24.7404,24.7041,24.6681,24.6325,24.5972,24.5624,24.5281,24.4943,24.461,24.4282,24.3961,24.3646,24.3337,24.3036,24.2741,24.2455,24.2176,24.1905,24.1642,24.1388,24.1143,24.0907,24.068,24.0463,24.0255,24.0057,23.987,23.9692,23.9525,23.9368,23.9222,23.9087,23.8962,23.8849,23.8746,23.8655,23.8575,23.8506,23.8449,23.8403,23.8369,23.8346,23.8334,23.8334,23.8346,23.8369,23.8403,23.8449,23.8506,23.8575,23.8655,23.8746,23.8849,23.8962,23.9087,23.9222,23.9368,23.9525,23.9692,23.987,24.0058,24.0255,24.0463,24.0681,24.0907,24.1143,24.1389,24.1642,24.1905,24.2176,24.2455,24.2742,24.3036,24.3337,24.3646,24.3961,24.4282,24.461,24.4943,24.5281,24.5625,24.5973,24.6325,24.6681,24.7041,24.7404,24.777,24.8138,24.8508,24.8879,24.9252,24.9626,25,
25,24.9651,24.9303,24.8955,24.8608,24.8263,24.792,24.7579,24.7241,24.6905,24.6573,24.6244,24.592,24.5599,24.5284,24.4973,24.4668,24.4368,24.4074,24.3786,24.3505,24.3231,24.2963,24.2703,24.245,24.2205,24.1968,24.174,24.1519,24.1308,24.1105,24.0911,24.0726,24.0551,24.0385,24.0229,24.0083,23.9947,23.982,23.9704,23.9598,23.9503,23.9417,23.9343,23.9279,23.9225,23.9182,23.915,23.9129,23.9118,23.9118,23.9129,23.915,23.9182,23.9225,23.9279,23.9343,23.9418,23.9503,23.9598,23.9704,23.982,23.9947,24.0083,24.0229,24.0386,24.0551,24.0727,24.0911,24.1105,24.1308,24.1519,24.174,24.1968,24.2205,24.245,24.2703,24.2963,24.3231,24.3505,24.3787,24.4074,24.4368,24.4668,24.4973,24.5284,24.56,24.592,24.6244,24.6573,24.6905,24.7241,24.7579,24.792,24.8263,24.8608,24.8955,24.9303,24.9651,25,
25,24.9676,24.9352,24.903,24.8708,24.8387,24.8068,24.7752,24.7437,24.7126,24.6817,24.6512,24.6211,24.5913,24.562,24.5331,24.5048,24.4769,24.4496,24.4229,24.3968,24.3713,24.3464,24.3223,24.2988,24.276,24.254,24.2327,24.2123,24.1926,24.1738,24.1558,24.1386,24.1223,24.1069,24.0924,24.0788,24.0661,24.0544,24.0436,24.0337,24.0249,24.0169,24.01,24.004,23.9991,23.9951,23.9921,23.9901,23.9891,23.9891,23.9901,23.9921,23.9951,23.9991,24.004,24.01,24.017,24.0249,24.0338,24.0436,24.0544,24.0661,24.0788,24.0924,24.1069,24.1223,24.1386,24.1558,24.1738,24.1926,24.2123,24.2328,24.254,24.276,24.2988,24.3223,24.3464,24.3713,24.3968,24.4229,24.4496,24.4769,24.5048,24.5332,24.562,24.5913,24.6211,24.6512,24.6817,24.7126,24.7437,24.7752,24.8068,24.8387,24.8708,24.903,24.9352,24.9676,25,
25,24.9701,24.9401,24.9103,24.8806,24.8509,24.8215,24.7922,24.7631,24.7343,24.7058,24.6776,24.6498,24.6223,24.5952,24.5685,24.5423,24.5165,24.4913,24.4666,24.4424,24.4188,24.3959,24.3735,24.3518,24.3308,24.3104,24.2908,24.2718,24.2536,24.2362,24.2196,24.2037,24.1886,24.1744,24.161,24.1484,24.1367,24.1258,24.1158,24.1067,24.0985,24.0912,24.0848,24.0792,24.0746,24.0709,24.0682,24.0663,24.0654,24.0654,24.0663,24.0682,24.071,24.0746,24.0792,24.0848,24.0912,24.0985,24.1067,24.1158,24.1258,24.1367,24.1484,24.161,24.1744,24.1886,24.2037,24.2196,24.2362,24.2537,24.2718,24.2908,24.3104,24.3308,24.3518,24.3735,24.3959,24.4189,24.4424,24.4666,24.4913,24.5165,24.5423,24.5685,24.5952,24.6223,24.6498,24.6776,24.7058,24.7344,24.7632,24.7922,24.8215,24.8509,24.8806,24.9103,24.9402,24.9701,25,
25,24.9725,24.945,24.9176,24.8902,24.863,24.8359,24.809,24.7823,24.7558,24.7296,24.7037,24.6781,24.6528,24.6279,24.6034,24.5793,24.5556,24.5324,24.5097,24.4875,24.4658,24.4447,24.4241,24.4042,24.3848,24.3661,24.3481,24.3306,24.3139,24.2979,24.2826,24.268,24.2541,24.241,24.2287,24.2171,24.2063,24.1964,24.1872,24.1788,24.1712,24.1645,24.1586,24.1535,24.1493,24.1459,24.1434,24.1417,24.1408,24.1408,24.1417,24.1434,24.1459,24.1493,24.1535,24.1586,24.1645,24.1712,24.1788,24.1872,24.1964,24.2064,24.2171,24.2287,24.241,24.2542,24.268,24.2826,24.2979,24.3139,24.3307,24.3481,24.3661,24.3849,24.4042,24.4242,24.4447,24.4658,24.4875,24.5097,24.5324,24.5556,24.5793,24.6034,24.6279,24.6528,24.6781,24.7037,24.7296,24.7558,24.7823,24.809,24.8359,24.863,24.8902,24.9176,24.945,24.9725,25,
25,24.9749,24.9498,24.9247,24.8998,24.8749,24.8502,24.8256,24.8012,24.7771,24.7531,24.7295,24.7061,24.683,24.6603,24.6379,24.6159,24.5942,24.5731,24.5523,24.532,24.5122,24.4929,24.4742,24.4559,24.4383,24.4212,24.4047,24.3888,24.3735,24.3589,24.3449,24.3315,24.3189,24.3069,24.2956,24.2851,24.2752,24.2661,24.2577,24.2501,24.2432,24.237,24.2316,24.227,24.2231,24.22,24.2177,24.2161,24.2154,24.2154,24.2161,24.2177,24.22,24.2231,24.227,24.2316,24.237,24.2432,24.2501,24.2577,24.2661,24.2752,24.2851,24.2957,24.3069,24.3189,24.3316,24.3449,24.3589,24.3735,24.3888,24.4047,24.4212,24.4383,24.456,24.4742,24.493,24.5123,24.532,24.5523,24.5731,24.5943,24.6159,24.6379,24.6603,24.683,24.7061,24.7295,24.7531,24.7771,24.8013,24.8256,24.8502,24.8749,24.8998,24.9247,24.9498,24.9749,25,
25,24.9772,24.9545,24.9318,24.9092,24.8867,24.8643,24.842,24.82,24.7981,24.7764,24.7549,24.7338,24.7129,24.6922,24.672,24.652,24.6325,24.6133,24.5945,24.5761,24.5582,24.5407,24.5237,24.5072,24.4911,24.4757,24.4607,24.4463,24.4325,24.4192,24.4065,24.3944,24.383,24.3721,24.3619,24.3523,24.3434,24.3351,24.3275,24.3206,24.3143,24.3087,24.3039,24.2997,24.2962,24.2933,24.2912,24.2898,24.2891,24.2891,24.2898,24.2912,24.2933,24.2962,24.2997,24.3039,24.3088,24.3143,24.3206,24.3275,24.3351,24.3434,24.3523,24.3619,24.3721,24.383,24.3944,24.4065,24.4192,24.4325,24.4463,24.4607,24.4757,24.4912,24.5072,24.5237,24.5407,24.5582,24.5761,24.5945,24.6133,24.6325,24.652,24.672,24.6923,24.7129,24.7338,24.755,24.7764,24.7981,24.82,24.8421,24.8643,24.8867,24.9092,24.9318,24.9545,24.9772,25,
25,24.9796,24.9592,24.9388,24.9186,24.8984,24.8783,24.8583,24.8385,24.8189,24.7994,24.7802,24.7612,24.7424,24.7239,24.7057,24.6878,24.6703,24.6531,24.6362,24.6197,24.6036,24.5879,24.5727,24.5579,24.5435,24.5296,24.5162,24.5033,24.4908,24.4789,24.4675,24.4567,24.4464,24.4367,24.4275,24.4189,24.4109,24.4035,24.3967,24.3904,24.3848,24.3798,24.3754,24.3716,24.3685,24.366,24.3641,24.3628,24.3622,24.3622,24.3628,24.3641,24.366,24.3685,24.3717,24.3754,24.3798,24.3848,24.3904,24.3967,24.4035,24.4109,24.4189,24.4275,24.4367,24.4464,24.4567,24.4676,24.4789,24.4908,24.5033,24.5162,24.5296,24.5435,24.5579,24.5727,24.5879,24.6036,24.6197,24.6362,24.6531,24.6703,24.6879,24.7057,24.7239,24.7424,24.7612,24.7802,24.7994,24.8189,24.8385,24.8583,24.8783,24.8984,24.9186,24.9388,24.9592,24.9796,25,
25,24.9819,24.9638,24.9458,24.9278,24.9099,24.8921,24.8744,24.8569,24.8395,24.8222,24.8052,24.7883,24.7717,24.7553,24.7392,24.7233,24.7078,24.6925,24.6776,24.6629,24.6487,24.6348,24.6212,24.6081,24.5954,24.5831,24.5712,24.5597,24.5487,24.5381,24.528,24.5184,24.5093,24.5007,24.4925,24.4849,24.4778,24.4712,24.4652,24.4597,24.4547,24.4503,24.4464,24.443,24.4402,24.438,24.4363,24.4352,24.4346,24.4346,24.4352,24.4363,24.438,24.4402,24.443,24.4464,24.4503,24.4547,24.4597,24.4652,24.4713,24.4778,24.4849,24.4926,24.5007,24.5093,24.5184,24.5281,24.5381,24.5487,24.5597,24.5712,24.5831,24.5954,24.6081,24.6213,24.6348,24.6487,24.663,24.6776,24.6925,24.7078,24.7233,24.7392,24.7553,24.7717,24.7883,24.8052,24.8222,24.8395,24.8569,24.8744,24.8921,24.9099,24.9278,24.9458,24.9638,24.9819,25,
25,24.9842,24.9684,24.9527,24.937,24.9214,24.9058,24.8904,24.8751,24.8599,24.8448,24.83,24.8153,24.8008,24.7864,24.7724,24.7585,24.7449,24.7316,24.7186,24.7058,24.6934,24.6812,24.6694,24.658,24.6468,24.6361,24.6257,24.6157,24.6061,24.5969,24.5881,24.5797,24.5717,24.5642,24.5571,24.5504,24.5442,24.5385,24.5332,24.5284,24.524,24.5202,24.5168,24.5138,24.5114,24.5095,24.508,24.507,24.5065,24.5065,24.507,24.508,24.5095,24.5114,24.5138,24.5168,24.5202,24.524,24.5284,24.5332,24.5385,24.5442,24.5504,24.5571,24.5642,24.5717,24.5797,24.5881,24.5969,24.6061,24.6157,24.6257,24.6361,24.6469,24.658,24.6694,24.6812,24.6934,24.7058,24.7186,24.7316,24.745,24.7585,24.7724,24.7865,24.8008,24.8153,24.83,24.8448,24.8599,24.8751,24.8904,24.9058,24.9214,24.937,24.9527,24.9684,24.9842,25,
25,24.9865,24.973,24.9595,24.9461,24.9328,24.9195,24.9063,24.8932,24.8802,24.8673,24.8546,24.842,24.8296,24.8174,24.8053,24.7935,24.7819,24.7705,24.7593,24.7484,24.7378,24.7274,24.7173,24.7075,24.698,24.6888,24.6799,24.6713,24.6631,24.6552,24.6477,24.6405,24.6337,24.6272,24.6212,24.6155,24.6102,24.6053,24.6007,24.5966,24.5929,24.5896,24.5867,24.5842,24.5821,24.5804,24.5792,24.5783,24.5779,24.5779,24.5783,24.5792,24.5804,24.5821,24.5842,24.5867,24.5896,24.5929,24.5966,24.6007,24.6053,24.6102,24.6155,24.6212,24.6273,24.6337,24.6405,24.6477,24.6552,24.6631,24.6713,24.6799,24.6888,24.698,24.7075,24.7173,24.7274,24.7378,24.7484,24.7593,24.7705,24.7819,24.7935,24.8053,24.8174,24.8296,24.842,24.8546,24.8673,24.8802,24.8932,24.9063,24.9195,24.9328,24.9461,24.9595,24.973,24.9865,25,
25,24.9888,24.9775,24.9663,24.9552,24.9441,24.933,24.922,24.9111,24.9003,24.8896,24.879,24.8686,24.8583,24.8481,24.8381,24.8282,24.8186,24.8091,24.7998,24.7907,24.7819,24.7732,24.7648,24.7567,24.7488,24.7411,24.7337,24.7266,24.7198,24.7132,24.7069,24.701,24.6953,24.6899,24.6849,24.6801,24.6757,24.6716,24.6679,24.6645,24.6614,24.6586,24.6562,24.6541,24.6524,24.651,24.6499,24.6492,24.6489,24.6489,24.6492,24.6499,24.651,24.6524,24.6541,24.6562,24.6586,24.6614,24.6645,24.6679,24.6717,24.6757,24.6802,24.6849,24.6899,24.6953,24.701,24.7069,24.7132,24.7198,24.7266,24.7337,24.7411,24.7488,24.7567,24.7648,24.7732,24.7819,24.7907,24.7998,24.8091,24.8186,24.8282,24.8381,24.8481,24.8583,24.8686,24.879,24.8896,24.9003,24.9111,24.922,24.933,24.9441,24.9552,24.9663,24.9775,24.9888,25,
25,24.991,24.9821,24.9731,24.9642,24.9553,24.9465,24.9377,24.929,24.9204,24.9118,24.9034,24.895,24.8868,24.8787,24.8707,24.8628,24.8551,24.8475,24.8401,24.8328,24.8258,24.8189,24.8122,24.8056,24.7993,24.7932,24.7873,24.7816,24.7761,24.7709,24.7659,24.7611,24.7566,24.7523,24.7483,24.7445,24.741,24.7377,24.7347,24.732,24.7295,24.7273,24.7254,24.7237,24.7223,24.7212,24.7204,24.7198,24.7195,24.7195,24.7198,24.7204,24.7212,24.7223,24.7237,24.7254,24.7273,24.7295,24.732,24.7347,24.7377,24.741,24.7445,24.7483,24.7523,24.7566,24.7611,24.7659,24.7709,24.7762,24.7816,24.7873,24.7932,24.7993,24.8056,24.8122,24.8189,24.8258,24.8328,24.8401,24.8475,24.8551,24.8628,24.8707,24.8787,24.8868,24.895,24.9034,24.9118,24.9204,24.929,24.9377,24.9465,24.9553,24.9642,24.9731,24.9821,24.991,25,
25,24.9933,24.9866,24.9799,24.9732,24.9665,24.9599,24.9533,24.9468,24.9404,24.934,24.9276,24.9214,24.9152,24.9091,24.9031,24.8972,24.8914,24.8858,24.8802,24.8748,24.8695,24.8643,24.8593,24.8544,24.8497,24.8451,24.8407,24.8364,24.8323,24.8284,24.8246,24.8211,24.8177,24.8145,24.8114,24.8086,24.806,24.8035,24.8013,24.7992,24.7973,24.7957,24.7943,24.793,24.792,24.7911,24.7905,24.7901,24.7899,24.7899,24.7901,24.7905,24.7911,24.792,24.793,24.7943,24.7957,24.7974,24.7992,24.8013,24.8035,24.806,24.8086,24.8114,24.8145,24.8177,24.8211,24.8246,24.8284,24.8323,24.8364,24.8407,24.8451,24.8497,24.8544,24.8593,24.8643,24.8695,24.8748,24.8802,24.8858,24.8914,24.8972,24.9031,24.9091,24.9152,24.9214,24.9276,24.934,24.9404,24.9468,24.9534,24.9599,24.9665,24.9732,24.9799,24.9866,24.9933,25,
25,24.9955,24.991,24.9866,24.9821,24.9777,24.9733,24.9689,24.9646,24.9603,24.956,24.9518,24.9476,24.9435,24.9395,24.9355,24.9315,24.9277,24.9239,24.9202,24.9166,24.9131,24.9096,24.9063,24.903,24.8999,24.8968,24.8939,24.891,24.8883,24.8857,24.8832,24.8808,24.8785,24.8764,24.8744,24.8725,24.8707,24.8691,24.8676,24.8662,24.865,24.8639,24.8629,24.8621,24.8614,24.8609,24.8605,24.8602,24.86,24.86,24.8602,24.8605,24.8609,24.8614,24.8621,24.8629,24.8639,24.865,24.8662,24.8676,24.8691,24.8707,24.8725,24.8744,24.8764,24.8785,24.8808,24.8832,24.8857,24.8883,24.891,24.8939,24.8968,24.8999,24.903,24.9063,24.9096,24.9131,24.9166,24.9202,24.9239,24.9277,24.9315,24.9355,24.9395,24.9435,24.9476,24.9518,24.956,24.9603,24.9646,24.9689,24.9733,24.9777,24.9821,24.9866,24.9911,24.9955,25,
25,24.9978,24.9955,24.9933,24.9911,24.9889,24.9867,24.9845,24.9823,24.9801,24.978,24.9759,24.9738,24.9718,24.9697,24.9677,24.9658,24.9639,24.962,24.9601,24.9583,24.9566,24.9548,24.9532,24.9515,24.95,24.9484,24.947,24.9455,24.9442,24.9429,24.9416,24.9404,24.9393,24.9382,24.9372,24.9363,24.9354,24.9346,24.9338,24.9332,24.9325,24.932,24.9315,24.9311,24.9307,24.9305,24.9303,24.9301,24.9301,24.9301,24.9301,24.9303,24.9305,24.9307,24.9311,24.9315,24.932,24.9325,24.9332,24.9338,24.9346,24.9354,24.9363,24.9372,24.9382,24.9393,24.9404,24.9416,24.9429,24.9442,24.9455,24.947,24.9484,24.95,24.9515,24.9532,24.9548,24.9566,24.9583,24.9601,24.962,24.9639,24.9658,24.9677,24.9697,24.9718,24.9738,24.9759,24.978,24.9801,24.9823,24.9845,24.9867,24.9889,24.9911,24.9933,24.9955,24.9978,25,
25,25,25,25,25,25,25,25,25,25,25,25,25,25,25,25,25,25,25,25,25,25,25,25,25,25,25,25,25,25,25,25,25,25,25,25,25,25,25,25,25,25,25,25,25,25,25,25,25,25,25,25,25,25,25,25,25,25,25,25,25,25,25,25,25,25,25,25,25,25,25,25,25,25,25,25,25,25,25,25,25,25,25,25,25,25,25,25,25,25,25,25,25,25,25,25,25,25,25,25,
