25,25.1571,25.314,25.4705,25.6267,25.7822,25.9369,26.0907,26.2435,26.395,26.5451,26.6937,26.8406,26.9857,27.1289,27.27,27.4088,27.5452,27.6791,27.8104,27.9389,28.0645,28.1871,28.3066,28.4227,28.5355,28.6448,28.7506,28.8526,28.9508,29.0451,29.1354,29.2216,29.3037,29.3815,29.455,29.5241,29.5888,29.6489,29.7044,29.7553,29.8015,29.8429,29.8796,29.9114,29.9384,29.9606,29.9778,29.9901,29.9975,30,29.9975,29.9901,29.9778,29.9606,29.9384,29.9114,29.8796,29.8429,29.8015,29.7553,29.7044,29.6489,29.5888,29.5241,29.455,29.3815,29.3037,29.2216,29.1354,29.0451,28.9508,28.8526,28.7506,28.6448,28.5355,28.4227,28.3066,28.1871,28.0645,27.9389,27.8104,27.6791,27.5452,27.4088,27.27,27.1289,26.9857,26.8406,26.6937,26.5451,26.395,26.2435,26.0907,25.9369,25.7822,25.6267,25.4705,25.314,25.1571,
25,25.1522,25.3042,25.4559,25.6072,25.7578,25.9078,26.0568,26.2048,26.3516,26.497,26.641,26.7834,26.924,27.0627,27.1993,27.3338,27.466,27.5958,27.723,27.8475,27.9692,28.088,28.2037,28.3162,28.4255,28.5314,28.6339,28.7327,28.8278,28.9192,29.0067,29.0903,29.1698,29.2452,29.3164,29.3833,29.4459,29.5042,29.558,29.6072,29.652,29.6921,29.7276,29.7585,29.7846,29.8061,29.8227,29.8347,29.8418,29.8442,29.8418,29.8346,29.8226,29.8059,29.7844,29.7582,29.7273,29.6918,29.6516,29.6068,29.5574,29.5036,29.4453,29.3826,29.3156,29.2443,29.1689,29.0893,29.0057,28.9181,28.8266,28.7313,28.6324,28.5299,28.4238,28.3144,28.2017,28.0858,27.9668,27.8449,27.7202,27.5927,27.4626,27.3301,27.1952,27.058,26.9187,26.7775,26.6343,26.4893,26.3425,26.1941,26.0438,25.8916,25.7369,25.5784,25.4128,25.2302,25,
25,25.1474,25.2947,25.4417,25.5883,25.7343,25.8795,26.0239,26.1673,26.3095,26.4504,26.5899,26.7279,26.8641,26.9985,27.1309,27.2612,27.3893,27.515,27.6382,27.7589,27.8768,27.9919,28.104,28.213,28.3189,28.4215,28.5208,28.6165,28.7087,28.7972,28.882,28.9629,29.04,29.113,29.182,29.2468,29.3075,29.3639,29.416,29.4637,29.5071,29.546,29.5804,29.6102,29.6356,29.6563,29.6724,29.684,29.6909,29.6931,29.6908,29.6838,29.6722,29.6559,29.6351,29.6097,29.5797,29.5452,29.5062,29.4628,29.415,29.3628,29.3062,29.2454,29.1805,29.1113,29.0382,28.961,28.8799,28.7949,28.7062,28.6138,28.5178,28.4184,28.3155,28.2093,28.1,27.9875,27.8721,27.7537,27.6326,27.5088,27.3825,27.2537,27.1226,26.9892,26.8537,26.7162,26.5767,26.4352,26.2918,26.1464,25.9989,25.8488,25.6954,25.5373,25.3718,25.1942,25,
25,25.1428,25.2855,25.428,25.57,25.7114,25.8521,25.992,26.1309,26.2687,26.4053,26.5404,26.6741,26.8061,26.9363,27.0646,27.1908,27.3149,27.4367,27.5561,27.673,27.7872,27.8987,28.0073,28.113,28.2156,28.315,28.4111,28.5039,28.5932,28.679,28.7611,28.8395,28.9141,28.9849,29.0517,29.1145,29.1733,29.228,29.2784,29.3247,29.3666,29.4043,29.4376,29.4665,29.491,29.5111,29.5267,29.5379,29.5446,29.5467,29.5444,29.5376,29.5264,29.5106,29.4904,29.4657,29.4367,29.4032,29.3654,29.3233,29.2769,29.2262,29.1714,29.1125,29.0494,28.9824,28.9114,28.8366,28.7579,28.6755,28.5895,28.4999,28.4068,28.3103,28.2105,28.1075,28.0014,27.8922,27.7802,27.6653,27.5477,27.4275,27.3048,27.1797,27.0523,26.9226,26.7908,26.6569,26.521,26.3831,26.2431,26.101,25.9565,25.8093,25.6587,25.5037,25.3429,25.1748,25,
25,25.1384,25.2766,25.4146,25.5522,25.6892,25.8256,25.9611,26.0957,26.2292,26.3615,26.4925,26.6219,26.7498,26.876,27.0003,27.1226,27.2428,27.3608,27.4765,27.5897,27.7004,27.8084,27.9137,28.016,28.1154,28.2117,28.3049,28.3947,28.4813,28.5644,28.6439,28.7199,28.7922,28.8607,28.9255,28.9863,29.0432,29.0962,29.1451,29.1898,29.2305,29.267,29.2992,29.3272,29.351,29.3704,29.3855,29.3963,29.4028,29.4048,29.4026,29.396,29.385,29.3697,29.3501,29.3262,29.298,29.2655,29.2288,29.188,29.143,29.0939,29.0407,28.9836,28.9224,28.8574,28.7886,28.716,28.6397,28.5598,28.4763,28.3894,28.2991,28.2055,28.1087,28.0088,27.9058,27.7999,27.6911,27.5796,27.4655,27.3488,27.2296,27.108,26.9842,26.8581,26.7299,26.5997,26.4673,26.333,26.1965,26.0579,25.9168,25.7732,25.6264,25.4759,25.3213,25.1623,25,
25,25.1341,25.268,25.4017,25.535,25.6678,25.7999,25.9312,26.0616,26.1909,26.3191,26.446,26.5714,26.6953,26.8175,26.9379,27.0565,27.1729,27.2873,27.3993,27.509,27.6163,27.7209,27.8229,27.922,28.0183,28.1116,28.2019,28.2889,28.3728,28.4533,28.5303,28.6039,28.674,28.7404,28.8031,28.862,28.9172,28.9684,29.0158,29.0592,29.0985,29.1339,29.1651,29.1922,29.2152,29.234,29.2486,29.2591,29.2653,29.2673,29.2651,29.2586,29.248,29.2331,29.2141,29.1909,29.1635,29.1321,29.0965,29.0569,29.0132,28.9656,28.914,28.8586,28.7993,28.7363,28.6695,28.5991,28.5251,28.4476,28.3667,28.2823,28.1947,28.1039,28.01,27.9131,27.8131,27.7104,27.6048,27.4966,27.3858,27.2724,27.1567,27.0386,26.9183,26.7958,26.6712,26.5445,26.4157,26.285,26.1521,26.0171,25.8799,25.7401,25.5977,25.4524,25.304,25.1529,25,
25,25.1299,25.2597,25.3892,25.5183,25.647,25.7749,25.9022,26.0285,26.1538,26.278,26.4009,26.5224,26.6425,26.7609,26.8775,26.9924,27.1052,27.216,27.3246,27.4308,27.5347,27.6361,27.7349,27.8309,27.9242,28.0146,28.102,28.1864,28.2676,28.3456,28.4202,28.4915,28.5594,28.6237,28.6845,28.7416,28.795,28.8446,28.8905,28.9325,28.9706,29.0049,29.0351,29.0614,29.0836,29.1018,29.116,29.126,29.1321,29.134,29.1318,29.1255,29.1152,29.1008,29.0823,29.0598,29.0332,29.0027,28.9682,28.9298,28.8874,28.8412,28.7912,28.7375,28.68,28.6188,28.5541,28.4858,28.414,28.3389,28.2604,28.1786,28.0936,28.0055,27.9144,27.8203,27.7234,27.6236,27.5212,27.4161,27.3086,27.1985,27.0862,26.9715,26.8546,26.7356,26.6145,26.4913,26.3662,26.239,26.1099,25.9787,25.8453,25.7098,25.572,25.4318,25.2895,25.1453,25,
25,25.1259,25.2516,25.3771,25.5022,25.6268,25.7508,25.874,25.9964,26.1178,26.2381,26.3572,26.475,26.5912,26.706,26.819,26.9302,27.0395,27.1469,27.2521,27.355,27.4557,27.5539,27.6496,27.7426,27.833,27.9206,28.0053,28.087,28.1657,28.2412,28.3135,28.3826,28.4483,28.5106,28.5695,28.6248,28.6765,28.7246,28.769,28.8097,28.8467,28.8798,28.9091,28.9345,28.956,28.9737,28.9874,28.9971,29.0029,29.0047,29.0026,28.9965,28.9865,28.9725,28.9545,28.9327,28.9069,28.8773,28.8438,28.8066,28.7655,28.7207,28.6722,28.6201,28.5643,28.505,28.4422,28.376,28.3064,28.2335,28.1573,28.078,27.9956,27.9101,27.8217,27.7304,27.6364,27.5396,27.4402,27.3382,27.2338,27.127,27.0179,26.9066,26.7931,26.6775,26.5598,26.4402,26.3186,26.1951,26.0697,25.9423,25.813,25.6818,25.5486,25.4135,25.2768,25.1388,25,
25,25.1219,25.2437,25.3653,25.4865,25.6072,25.7273,25.8468,25.9653,26.083,26.1995,26.3149,26.4289,26.5416,26.6527,26.7622,26.87,26.9759,27.0799,27.1818,27.2815,27.379,27.4742,27.5669,27.6571,27.7446,27.8294,27.9115,27.9906,28.0668,28.14,28.2101,28.277,28.3407,28.401,28.458,28.5116,28.5617,28.6083,28.6513,28.6907,28.7265,28.7586,28.7869,28.8116,28.8324,28.8495,28.8627,28.8721,28.8777,28.8795,28.8774,28.8714,28.8617,28.8481,28.8307,28.8095,28.7845,28.7558,28.7233,28.6871,28.6473,28.6039,28.5568,28.5063,28.4522,28.3947,28.3338,28.2695,28.202,28.1313,28.0574,27.9805,27.9005,27.8176,27.7319,27.6433,27.5521,27.4582,27.3617,27.2628,27.1614,27.0578,26.9519,26.8438,26.7336,26.6214,26.5071,26.391,26.273,26.1531,26.0314,25.9079,25.7826,25.6557,25.527,25.3969,25.2654,25.133,25,
25,25.1181,25.2361,25.3539,25.4713,25.5883,25.7046,25.8203,25.9352,26.0491,26.1621,26.2738,26.3843,26.4935,26.6011,26.7072,26.8116,26.9142,27.0149,27.1137,27.2103,27.3048,27.3969,27.4867,27.5741,27.6589,27.7411,27.8206,27.8972,27.9711,28.042,28.1098,28.1746,28.2363,28.2948,28.35,28.4019,28.4504,28.4955,28.5372,28.5754,28.61,28.6411,28.6685,28.6924,28.7125,28.729,28.7419,28.751,28.7564,28.758,28.756,28.7502,28.7407,28.7275,28.7106,28.6901,28.6658,28.6379,28.6065,28.5714,28.5328,28.4906,28.445,28.396,28.3435,28.2877,28.2287,28.1664,28.1009,28.0323,27.9607,27.886,27.8085,27.7281,27.6449,27.559,27.4704,27.3793,27.2857,27.1897,27.0914,26.9908,26.888,26.7831,26.6762,26.5673,26.4564,26.3437,26.2292,26.1129,25.9949,25.8753,25.754,25.6312,25.507,25.3815,25.255,25.1277,25,
25,25.1144,25.2287,25.3428,25.4566,25.5699,25.6826,25.7947,25.906,26.0164,26.1258,26.234,26.3411,26.4468,26.5511,26.6539,26.755,26.8544,26.952,27.0476,27.1413,27.2328,27.3221,27.4091,27.4937,27.5758,27.6554,27.7324,27.8067,27.8782,27.9469,28.0126,28.0754,28.1352,28.1918,28.2453,28.2955,28.3425,28.3862,28.4266,28.4636,28.4971,28.5272,28.5538,28.5768,28.5964,28.6123,28.6247,28.6335,28.6387,28.6403,28.6383,28.6327,28.6235,28.6107,28.5943,28.5743,28.5508,28.5237,28.4932,28.4592,28.4217,28.3809,28.3366,28.289,28.2382,28.1841,28.1268,28.0664,28.0029,27.9364,27.8669,27.7945,27.7193,27.6413,27.5606,27.4772,27.3913,27.303,27.2122,27.119,27.0236,26.926,26.8263,26.7245,26.6208,26.5151,26.4075,26.2982,26.1872,26.0744,25.9601,25.8442,25.7269,25.6082,25.4883,25.3672,25.2453,25.1228,25,
25,25.1109,25.2216,25.3321,25.4423,25.5521,25.6613,25.7699,25.8777,25.9846,26.0906,26.1955,26.2992,26.4016,26.5027,26.6022,26.7002,26.7965,26.891,26.9836,27.0743,27.163,27.2495,27.3338,27.4157,27.4953,27.5724,27.647,27.719,27.7882,27.8547,27.9184,27.9792,28.0371,28.092,28.1438,28.1924,28.238,28.2803,28.3194,28.3552,28.3877,28.4168,28.4425,28.4648,28.4837,28.4992,28.5112,28.5197,28.5247,28.5262,28.5243,28.5188,28.5098,28.4974,28.4815,28.4621,28.4393,28.4131,28.3834,28.3504,28.3141,28.2745,28.2315,28.1854,28.1361,28.0836,28.0281,27.9695,27.9079,27.8434,27.776,27.7058,27.6328,27.5572,27.4789,27.3981,27.3148,27.229,27.141,27.0506,26.9581,26.8634,26.7666,26.6679,26.5672,26.4647,26.3605,26.2544,26.1468,26.0376,25.9268,25.8147,25.7011,25.5864,25.4706,25.3538,25.2363,25.1183,25,
25,25.1074,25.2147,25.3217,25.4285,25.5348,25.6406,25.7458,25.8502,25.9538,26.0565,26.1581,26.2586,26.3578,26.4557,26.5521,26.647,26.7403,26.8319,26.9216,27.0095,27.0953,27.1791,27.2608,27.3402,27.4173,27.492,27.5642,27.6339,27.701,27.7654,27.8271,27.886,27.9421,27.9952,28.0454,28.0925,28.1366,28.1776,28.2154,28.2501,28.2816,28.3098,28.3347,28.3563,28.3746,28.3895,28.4011,28.4093,28.4142,28.4156,28.4137,28.4084,28.3997,28.3876,28.3721,28.3533,28.3312,28.3058,28.277,28.245,28.2098,28.1713,28.1297,28.085,28.0371,27.9863,27.9324,27.8756,27.8158,27.7533,27.6879,27.6198,27.5491,27.4757,27.3998,27.3214,27.2406,27.1574,27.072,26.9844,26.8946,26.8028,26.709,26.6132,26.5156,26.4162,26.3151,26.2123,26.108,26.0022,25.895,25.7864,25.6766,25.5657,25.4539,25.3412,25.2278,25.114,25,
25,25.104,25.208,25.3117,25.4151,25.5181,25.6206,25.7225,25.8236,25.924,26.0234,26.1219,26.2192,26.3153,26.4101,26.5035,26.5955,26.6858,26.7745,26.8615,26.9466,27.0298,27.1109,27.19,27.2669,27.3416,27.414,27.4839,27.5514,27.6164,27.6788,27.7386,27.7956,27.8499,27.9014,27.95,27.9956,28.0384,28.078,28.1147,28.1483,28.1787,28.206,28.2301,28.2511,28.2688,28.2832,28.2944,28.3024,28.307,28.3084,28.3065,28.3013,28.2929,28.2812,28.2662,28.2479,28.2264,28.2017,28.1739,28.1428,28.1086,28.0714,28.031,27.9876,27.9412,27.8919,27.8396,27.7845,27.7266,27.6659,27.6026,27.5365,27.4679,27.3968,27.3231,27.2471,27.1688,27.0881,27.0053,26.9203,26.8332,26.7442,26.6532,26.5604,26.4657,26.3694,26.2714,26.1718,26.0707,25.9683,25.8645,25.7594,25.6532,25.546,25.438,25.3291,25.2198,25.11,25,
25,25.1008,25.2014,25.3019,25.4021,25.5019,25.6012,25.6998,25.7978,25.8951,25.9914,26.0867,26.181,26.2741,26.366,26.4565,26.5455,26.633,26.719,26.8032,26.8856,26.9662,27.0448,27.1214,27.1959,27.2682,27.3383,27.4061,27.4715,27.5345,27.5949,27.6528,27.708,27.7606,27.8105,27.8575,27.9017,27.9431,27.9815,28.017,28.0495,28.079,28.1055,28.1288,28.1491,28.1662,28.1802,28.191,28.1987,28.2032,28.2045,28.2026,28.1976,28.1894,28.178,28.1634,28.1457,28.1249,28.1009,28.0739,28.0438,28.0106,27.9745,27.9353,27.8933,27.8483,27.8004,27.7498,27.6963,27.6402,27.5813,27.5199,27.4558,27.3893,27.3203,27.2489,27.1752,27.0992,27.021,26.9407,26.8583,26.7739,26.6875,26.5993,26.5093,26.4176,26.3242,26.2292,26.1328,26.0349,25.9356,25.8352,25.7335,25.6308,25.5272,25.4228,25.3177,25.2121,25.1061,25,
25,25.0976,25.1951,25.2925,25.3895,25.4861,25.5823,25.6779,25.7728,25.867,25.9603,26.0527,26.144,26.2342,26.3232,26.4108,26.4971,26.5819,26.6651,26.7467,26.8265,26.9046,26.9807,27.0549,27.1271,27.1972,27.265,27.3307,27.394,27.455,27.5135,27.5696,27.6231,27.674,27.7223,27.7679,27.8107,27.8508,27.888,27.9224,27.9538,27.9824,28.008,28.0306,28.0502,28.0668,28.0803,28.0908,28.0982,28.1025,28.1038,28.1019,28.097,28.089,28.078,28.0638,28.0467,28.0265,28.0032,27.977,27.9478,27.9156,27.8806,27.8426,27.8018,27.7582,27.7118,27.6627,27.6109,27.5564,27.4993,27.4397,27.3777,27.3131,27.2462,27.177,27.1055,27.0319,26.956,26.8782,26.7983,26.7164,26.6327,26.5472,26.46,26.3711,26.2806,26.1886,26.0951,26.0004,25.9043,25.807,25.7087,25.6094,25.5092,25.4083,25.3068,25.2048,25.1025,25,
25,25.0946,25.189,25.2833,25.3773,25.4709,25.5641,25.6567,25.7486,25.8398,25.9302,26.0197,26.1081,26.1955,26.2817,26.3666,26.4501,26.5323,26.6129,26.6919,26.7692,26.8448,26.9186,26.9905,27.0604,27.1282,27.194,27.2576,27.3189,27.378,27.4347,27.489,27.5408,27.5901,27.6369,27.681,27.7225,27.7613,27.7973,27.8306,27.8611,27.8887,27.9135,27.9354,27.9543,27.9704,27.9835,27.9936,28.0008,28.0049,28.0061,28.0043,27.9995,27.9918,27.981,27.9673,27.9507,27.931,27.9085,27.8831,27.8547,27.8236,27.7896,27.7527,27.7132,27.6709,27.6259,27.5783,27.528,27.4752,27.4199,27.3621,27.3019,27.2394,27.1745,27.1074,27.0381,26.9667,26.8932,26.8177,26.7402,26.6609,26.5798,26.4969,26.4123,26.3262,26.2385,26.1494,26.0589,25.9671,25.8741,25.78,25.6849,25.5888,25.492,25.3944,25.2963,25.1978,25.099,25,
25,25.0916,25.1831,25.2744,25.3654,25.4561,25.5464,25.6361,25.7251,25.8135,25.901,25.9877,26.0734,26.158,26.2414,26.3237,26.4046,26.4842,26.5623,26.6388,26.7137,26.7869,26.8584,26.928,26.9957,27.0614,27.1251,27.1867,27.2461,27.3033,27.3582,27.4108,27.461,27.5088,27.554,27.5968,27.6369,27.6745,27.7094,27.7416,27.7711,27.7979,27.8219,27.843,27.8614,27.8769,27.8896,27.8994,27.9063,27.9103,27.9115,27.9097,27.905,27.8975,27.8871,27.8738,27.8576,27.8386,27.8167,27.792,27.7645,27.7343,27.7013,27.6656,27.6273,27.5863,27.5426,27.4965,27.4477,27.3966,27.3429,27.2869,27.2285,27.1679,27.105,27.0399,26.9728,26.9035,26.8323,26.7591,26.684,26.6071,26.5285,26.4482,26.3663,26.2828,26.1979,26.1116,26.0239,25.9351,25.845,25.754,25.6619,25.569,25.4754,25.3811,25.2863,25.1911,25.0956,25,
25,25.0887,25.1773,25.2658,25.354,25.4418,25.5292,25.6161,25.7023,25.7879,25.8727,25.9567,26.0396,26.1216,26.2024,26.2821,26.3605,26.4376,26.5132,26.5873,26.6599,26.7308,26.8,26.8674,26.933,26.9966,27.0583,27.118,27.1755,27.2309,27.2841,27.335,27.3836,27.4299,27.4737,27.5151,27.554,27.5904,27.6242,27.6554,27.6839,27.7098,27.7331,27.7536,27.7713,27.7863,27.7986,27.8081,27.8147,27.8186,27.8197,27.818,27.8134,27.8061,27.796,27.7831,27.7674,27.7489,27.7277,27.7038,27.6771,27.6478,27.6158,27.5812,27.544,27.5043,27.462,27.4172,27.37,27.3203,27.2683,27.214,27.1574,27.0987,27.0377,26.9746,26.9095,26.8424,26.7733,26.7024,26.6296,26.5551,26.4789,26.4011,26.3218,26.2409,26.1586,26.075,25.9902,25.9042,25.817,25.7289,25.6399,25.55,25.4595,25.3683,25.2767,25.1847,25.0924,25,
25,25.0859,25.1718,25.2574,25.3428,25.4279,25.5126,25.5967,25.6803,25.7632,25.8453,25.9266,26.007,26.0863,26.1646,26.2418,26.3177,26.3924,26.4656,26.5374,26.6077,26.6764,26.7434,26.8087,26.8722,26.9338,26.9936,27.0513,27.1071,27.1607,27.2122,27.2616,27.3086,27.3534,27.3959,27.436,27.4736,27.5088,27.5416,27.5718,27.5994,27.6245,27.647,27.6668,27.684,27.6985,27.7104,27.7195,27.726,27.7297,27.7308,27.7291,27.7246,27.7175,27.7077,27.6951,27.6799,27.662,27.6414,27.6182,27.5924,27.564,27.533,27.4994,27.4633,27.4248,27.3838,27.3404,27.2946,27.2465,27.1961,27.1434,27.0886,27.0316,26.9725,26.9114,26.8483,26.7832,26.7163,26.6475,26.577,26.5048,26.431,26.3556,26.2787,26.2004,26.1207,26.0398,25.9576,25.8744,25.79,25.7048,25.6186,25.5317,25.4442,25.356,25.2674,25.1785,25.0893,25,
25,25.0832,25.1664,25.2493,25.3321,25.4144,25.4964,25.5779,25.6589,25.7391,25.8187,25.8974,25.9753,26.0522,26.128,26.2027,26.2763,26.3485,26.4195,26.489,26.5571,26.6236,26.6885,26.7517,26.8133,26.873,26.9308,26.9868,27.0407,27.0927,27.1426,27.1903,27.2359,27.2793,27.3204,27.3592,27.3957,27.4298,27.4615,27.4907,27.5175,27.5418,27.5635,27.5827,27.5994,27.6134,27.6249,27.6337,27.6399,27.6435,27.6445,27.6429,27.6386,27.6316,27.6221,27.6099,27.5951,27.5778,27.5578,27.5353,27.5103,27.4827,27.4526,27.4201,27.3851,27.3478,27.308,27.2659,27.2215,27.1749,27.126,27.075,27.0219,26.9666,26.9094,26.8501,26.7889,26.7259,26.661,26.5944,26.5261,26.4562,26.3846,26.3116,26.2371,26.1613,26.0841,26.0057,25.9262,25.8456,25.764,25.6815,25.5982,25.5141,25.4294,25.3442,25.2585,25.1725,25.0863,25,
25,25.0806,25.1611,25.2415,25.3216,25.4014,25.4808,25.5597,25.6381,25.7159,25.7929,25.8692,25.9446,26.019,26.0925,26.1648,26.2361,26.3061,26.3748,26.4421,26.508,26.5724,26.6353,26.6966,26.7561,26.8139,26.87,26.9241,26.9764,27.0267,27.075,27.1213,27.1654,27.2074,27.2472,27.2848,27.3201,27.3531,27.3838,27.4121,27.438,27.4615,27.4826,27.5012,27.5173,27.5309,27.542,27.5505,27.5565,27.56,27.5609,27.5593,27.5551,27.5484,27.5391,27.5273,27.513,27.4961,27.4768,27.4549,27.4307,27.4039,27.3748,27.3432,27.3093,27.2731,27.2346,27.1938,27.1508,27.1055,27.0582,27.0087,26.9572,26.9037,26.8482,26.7908,26.7315,26.6704,26.6076,26.543,26.4768,26.4091,26.3398,26.269,26.1969,26.1234,26.0487,25.9729,25.8959,25.8178,25.7389,25.659,25.5784,25.4971,25.4152,25.3328,25.2499,25.1668,25.0834,25,
25,25.0781,25.156,25.2339,25.3115,25.3887,25.4656,25.5421,25.618,25.6933,25.7679,25.8418,25.9148,25.9869,26.058,26.1281,26.1971,26.2649,26.3314,26.3966,26.4605,26.5229,26.5837,26.643,26.7007,26.7567,26.811,26.8634,26.9141,26.9628,27.0096,27.0543,27.0971,27.1377,27.1763,27.2127,27.2469,27.2788,27.3085,27.3359,27.361,27.3838,27.4042,27.4221,27.4377,27.4509,27.4616,27.4699,27.4757,27.479,27.4799,27.4783,27.4742,27.4677,27.4587,27.4472,27.4333,27.417,27.3982,27.377,27.3535,27.3276,27.2993,27.2687,27.2359,27.2008,27.1634,27.1239,27.0822,27.0383,26.9925,26.9445,26.8946,26.8427,26.7889,26.7333,26.6759,26.6167,26.5558,26.4932,26.4291,26.3635,26.2964,26.2279,26.158,26.0869,26.0145,25.9411,25.8665,25.791,25.7146,25.6374,25.5594,25.4807,25.4015,25.3218,25.2417,25.1613,25.0807,25,
25,25.0756,25.1511,25.2265,25.3016,25.3765,25.4509,25.525,25.5985,25.6714,25.7437,25.8152,25.8859,25.9557,26.0246,26.0925,26.1593,26.2249,26.2894,26.3525,26.4143,26.4748,26.5337,26.5912,26.647,26.7012,26.7538,26.8046,26.8536,26.9008,26.9461,26.9894,27.0308,27.0702,27.1075,27.1427,27.1759,27.2068,27.2355,27.2621,27.2864,27.3084,27.3281,27.3455,27.3606,27.3733,27.3837,27.3917,27.3973,27.4005,27.4013,27.3998,27.3958,27.3894,27.3807,27.3696,27.3561,27.3402,27.322,27.3015,27.2787,27.2536,27.2262,27.1965,27.1647,27.1306,27.0944,27.0561,27.0157,26.9732,26.9288,26.8823,26.8339,26.7836,26.7315,26.6776,26.622,26.5646,26.5056,26.4451,26.383,26.3194,26.2544,26.188,26.1204,26.0515,25.9815,25.9104,25.8382,25.7651,25.6912,25.6164,25.541,25.4649,25.3882,25.3111,25.2337,25.1559,25.078,25,
25,25.0732,25.1463,25.2193,25.2921,25.3646,25.4367,25.5084,25.5796,25.6502,25.7202,25.7894,25.8579,25.9255,25.9922,26.058,26.1227,26.1862,26.2486,26.3098,26.3696,26.4281,26.4852,26.5409,26.5949,26.6475,26.6983,26.7475,26.795,26.8407,26.8845,26.9265,26.9666,27.0047,27.0408,27.0749,27.107,27.137,27.1648,27.1905,27.214,27.2353,27.2544,27.2712,27.2858,27.2981,27.3081,27.3159,27.3213,27.3244,27.3252,27.3236,27.3198,27.3136,27.3051,27.2943,27.2812,27.2659,27.2482,27.2283,27.2062,27.1818,27.1553,27.1265,27.0957,27.0627,27.0276,26.9904,26.9513,26.9101,26.867,26.822,26.7751,26.7264,26.6759,26.6237,26.5698,26.5142,26.4571,26.3984,26.3383,26.2767,26.2137,26.1495,26.084,26.0173,25.9495,25.8807,25.8108,25.7401,25.6685,25.5962,25.5232,25.4496,25.3755,25.3009,25.226,25.1508,25.0754,25,
25,25.0709,25.1417,25.2124,25.2828,25.353,25.4229,25.4923,25.5612,25.6296,25.6974,25.7644,25.8308,25.8962,25.9608,26.0245,26.0871,26.1487,26.2091,26.2683,26.3263,26.3829,26.4382,26.4921,26.5445,26.5953,26.6446,26.6922,26.7382,26.7824,26.8248,26.8655,26.9043,26.9412,26.9762,27.0092,27.0402,27.0692,27.0962,27.121,27.1438,27.1644,27.1829,27.1992,27.2133,27.2252,27.2349,27.2424,27.2476,27.2506,27.2513,27.2498,27.2461,27.2401,27.2318,27.2214,27.2087,27.1938,27.1766,27.1574,27.1359,27.1123,27.0865,27.0587,27.0288,26.9968,26.9628,26.9268,26.8889,26.849,26.8072,26.7636,26.7182,26.671,26.6221,26.5715,26.5192,26.4654,26.4101,26.3532,26.295,26.2353,26.1744,26.1122,26.0488,25.9842,25.9186,25.8519,25.7844,25.7159,25.6467,25.5767,25.506,25.4348,25.3631,25.291,25.2185,25.1458,25.073,25,
25,25.0686,25.1372,25.2057,25.2739,25.3419,25.4095,25.4767,25.5435,25.6097,25.6753,25.7402,25.8044,25.8678,25.9304,25.992,26.0527,26.1123,26.1708,26.2281,26.2843,26.3391,26.3926,26.4448,26.4955,26.5447,26.5924,26.6385,26.683,26.7259,26.767,26.8063,26.8439,26.8796,26.9135,26.9455,26.9755,27.0036,27.0297,27.0537,27.0757,27.0957,27.1136,27.1293,27.143,27.1545,27.1639,27.1711,27.1761,27.179,27.1797,27.1782,27.1746,27.1688,27.1608,27.1506,27.1383,27.1239,27.1073,27.0886,27.0678,27.0449,27.0199,26.9929,26.9639,26.933,26.9,26.8651,26.8284,26.7897,26.7493,26.707,26.663,26.6173,26.5699,26.5209,26.4703,26.4182,26.3646,26.3095,26.2531,26.1953,26.1363,26.0761,26.0147,25.9522,25.8887,25.8242,25.7588,25.6925,25.6255,25.5578,25.4895,25.4206,25.3512,25.2815,25.2114,25.141,25.0706,25,
25,25.0665,25.1329,25.1991,25.2652,25.331,25.3965,25.4616,25.5262,25.5903,25.6539,25.7167,25.7789,25.8403,25.9009,25.9606,26.0193,26.077,26.1336,26.1892,26.2435,26.2966,26.3484,26.3989,26.448,26.4957,26.5419,26.5865,26.6296,26.6711,26.7109,26.749,26.7853,26.8199,26.8527,26.8837,26.9127,26.9399,26.9652,26.9884,27.0098,27.0291,27.0464,27.0616,27.0748,27.086,27.095,27.102,27.1069,27.1096,27.1103,27.1089,27.1053,27.0997,27.0919,27.082,27.0701,27.0561,27.04,27.0219,27.0017,26.9795,26.9554,26.9292,26.9011,26.8711,26.8392,26.8054,26.7697,26.7323,26.6931,26.6522,26.6095,26.5652,26.5193,26.4719,26.4229,26.3724,26.3205,26.2672,26.2125,26.1566,26.0995,26.0411,25.9817,25.9212,25.8597,25.7973,25.734,25.6699,25.6051,25.5395,25.4734,25.4068,25.3397,25.2722,25.2044,25.1364,25.0682,25,
25,25.0644,25.1286,25.1928,25.2568,25.3205,25.3839,25.4469,25.5095,25.5716,25.6331,25.694,25.7542,25.8136,25.8723,25.93,25.9869,26.0428,26.0976,26.1514,26.204,26.2554,26.3056,26.3545,26.402,26.4482,26.4929,26.5361,26.5778,26.6179,26.6565,26.6933,26.7286,26.762,26.7938,26.8237,26.8519,26.8782,26.9026,26.9252,26.9458,26.9645,26.9812,26.996,27.0087,27.0195,27.0283,27.035,27.0397,27.0424,27.043,27.0416,27.0381,27.0326,27.0251,27.0156,27.004,26.9904,26.9748,26.9572,26.9377,26.9162,26.8928,26.8674,26.8402,26.8111,26.7802,26.7474,26.7129,26.6767,26.6387,26.599,26.5577,26.5148,26.4704,26.4244,26.3769,26.328,26.2778,26.2262,26.1733,26.1191,26.0638,26.0073,25.9498,25.8912,25.8317,25.7713,25.71,25.648,25.5853,25.5219,25.4579,25.3935,25.3286,25.2633,25.1977,25.1319,25.066,25,
25,25.0623,25.1245,25.1867,25.2486,25.3103,25.3717,25.4327,25.4933,25.5534,25.6129,25.6719,25.7302,25.7877,25.8445,25.9004,25.9555,26.0096,26.0627,26.1147,26.1657,26.2154,26.264,26.3113,26.3574,26.402,26.4453,26.4872,26.5275,26.5664,26.6037,26.6394,26.6735,26.7059,26.7366,26.7656,26.7929,26.8183,26.842,26.8638,26.8837,26.9018,26.918,26.9323,26.9447,26.9551,26.9635,26.97,26.9746,26.9772,26.9777,26.9764,26.973,26.9677,26.9604,26.9511,26.9399,26.9267,26.9116,26.8946,26.8756,26.8548,26.8321,26.8075,26.7811,26.753,26.723,26.6913,26.6578,26.6227,26.5859,26.5475,26.5075,26.466,26.4229,26.3784,26.3324,26.2851,26.2364,26.1864,26.1352,26.0828,26.0292,25.9746,25.9189,25.8622,25.8046,25.7461,25.6869,25.6269,25.5662,25.5048,25.443,25.3806,25.3178,25.2547,25.1912,25.1276,25.0638,25,
25,25.0603,25.1206,25.1807,25.2407,25.3004,25.3598,25.4189,25.4776,25.5357,25.5934,25.6505,25.7069,25.7626,25.8176,25.8717,25.925,25.9774,26.0288,26.0792,26.1285,26.1767,26.2237,26.2695,26.3141,26.3573,26.3992,26.4397,26.4788,26.5164,26.5525,26.5871,26.6201,26.6515,26.6812,26.7093,26.7356,26.7603,26.7831,26.8043,26.8236,26.8411,26.8567,26.8706,26.8825,26.8926,26.9008,26.9071,26.9114,26.9139,26.9145,26.9131,26.9099,26.9047,26.8976,26.8886,26.8777,26.8649,26.8503,26.8338,26.8154,26.7952,26.7733,26.7495,26.7239,26.6966,26.6676,26.6369,26.6045,26.5704,26.5348,26.4976,26.4589,26.4186,26.3769,26.3338,26.2893,26.2435,26.1964,26.148,26.0984,26.0476,25.9958,25.9429,25.889,25.8341,25.7784,25.7218,25.6644,25.6064,25.5476,25.4883,25.4285,25.3681,25.3074,25.2463,25.185,25.1234,25.0617,25,
25,25.0584,25.1167,25.1749,25.233,25.2908,25.3483,25.4055,25.4623,25.5186,25.5745,25.6297,25.6843,25.7383,25.7915,25.8439,25.8955,25.9462,25.9959,26.0447,26.0925,26.1391,26.1846,26.229,26.2721,26.314,26.3545,26.3937,26.4316,26.468,26.5029,26.5364,26.5683,26.5987,26.6275,26.6546,26.6801,26.704,26.7261,26.7465,26.7652,26.7822,26.7973,26.8107,26.8222,26.832,26.8399,26.846,26.8502,26.8526,26.8531,26.8518,26.8486,26.8436,26.8367,26.828,26.8174,26.8051,26.7909,26.7749,26.7571,26.7375,26.7162,26.6932,26.6684,26.642,26.6138,26.5841,26.5527,26.5198,26.4853,26.4492,26.4117,26.3728,26.3324,26.2906,26.2476,26.2032,26.1575,26.1107,26.0627,26.0136,25.9634,25.9122,25.86,25.8069,25.753,25.6982,25.6427,25.5866,25.5297,25.4723,25.4144,25.3561,25.2973,25.2382,25.1789,25.1194,25.0597,25,
25,25.0565,25.113,25.1694,25.2255,25.2815,25.3372,25.3926,25.4475,25.5021,25.5561,25.6096,25.6624,25.7146,25.7661,25.8169,25.8668,25.9159,25.9641,26.0113,26.0575,26.1027,26.1467,26.1896,26.2314,26.2719,26.3112,26.3491,26.3857,26.421,26.4548,26.4872,26.5181,26.5475,26.5753,26.6016,26.6263,26.6494,26.6708,26.6906,26.7087,26.725,26.7397,26.7526,26.7638,26.7732,26.7809,26.7867,26.7908,26.7931,26.7936,26.7923,26.7892,26.7844,26.7777,26.7692,26.759,26.747,26.7333,26.7178,26.7005,26.6816,26.6609,26.6386,26.6146,26.589,26.5618,26.533,26.5026,26.4707,26.4372,26.4024,26.366,26.3283,26.2892,26.2488,26.2071,26.1641,26.1199,26.0746,26.0281,25.9806,25.932,25.8825,25.832,25.7806,25.7284,25.6754,25.6217,25.5674,25.5124,25.4569,25.4008,25.3444,25.2876,25.2304,25.173,25.1155,25.0578,25,
25,25.0547,25.1094,25.1639,25.2183,25.2725,25.3264,25.38,25.4332,25.486,25.5383,25.59,25.6412,25.6917,25.7416,25.7907,25.839,25.8865,25.9332,25.9789,26.0236,26.0673,26.11,26.1515,26.1919,26.2311,26.2691,26.3059,26.3413,26.3754,26.4081,26.4395,26.4694,26.4978,26.5248,26.5502,26.5741,26.5964,26.6172,26.6363,26.6538,26.6696,26.6838,26.6963,26.7071,26.7162,26.7236,26.7293,26.7332,26.7355,26.7359,26.7347,26.7317,26.7269,26.7205,26.7123,26.7023,26.6907,26.6774,26.6624,26.6457,26.6273,26.6073,26.5857,26.5625,26.5377,26.5113,26.4834,26.454,26.4231,26.3907,26.3569,26.3218,26.2852,26.2474,26.2082,26.1679,26.1263,26.0835,26.0396,25.9946,25.9486,25.9016,25.8537,25.8048,25.7551,25.7046,25.6533,25.6014,25.5488,25.4956,25.4419,25.3877,25.3331,25.2781,25.2229,25.1674,25.1117,25.0559,25,
25,25.053,25.1059,25.1587,25.2113,25.2637,25.3159,25.3678,25.4193,25.4704,25.521,25.5711,25.6206,25.6695,25.7178,25.7653,25.8121,25.8581,25.9032,25.9474,25.9907,26.033,26.0743,26.1145,26.1536,26.1916,26.2283,26.2639,26.2982,26.3312,26.3629,26.3932,26.4221,26.4497,26.4757,26.5004,26.5235,26.5451,26.5651,26.5836,26.6006,26.6159,26.6296,26.6417,26.6522,26.661,26.6681,26.6736,26.6774,26.6795,26.68,26.6787,26.6758,26.6712,26.6649,26.657,26.6474,26.6361,26.6232,26.6087,26.5925,26.5747,26.5553,26.5344,26.5119,26.4879,26.4623,26.4353,26.4068,26.3769,26.3456,26.3129,26.2788,26.2435,26.2068,26.169,26.1299,26.0896,26.0482,26.0057,25.9622,25.9177,25.8722,25.8258,25.7785,25.7304,25.6815,25.6319,25.5817,25.5308,25.4794,25.4274,25.375,25.3222,25.269,25.2155,25.1619,25.108,25.054,25,
25,25.0513,25.1025,25.1536,25.2045,25.2552,25.3057,25.3559,25.4058,25.4552,25.5042,25.5527,25.6006,25.648,25.6947,25.7407,25.786,25.8304,25.8741,25.9169,25.9588,25.9998,26.0397,26.0786,26.1165,26.1532,26.1888,26.2232,26.2564,26.2883,26.319,26.3483,26.3763,26.4029,26.4282,26.452,26.4744,26.4953,26.5147,26.5326,26.549,26.5638,26.5771,26.5887,26.5989,26.6074,26.6143,26.6196,26.6232,26.6253,26.6257,26.6245,26.6217,26.6172,26.6111,26.6034,26.5941,26.5832,26.5707,26.5566,26.5409,26.5237,26.5049,26.4847,26.4629,26.4396,26.4149,26.3887,26.3611,26.3322,26.3018,26.2702,26.2372,26.203,26.1675,26.1309,26.093,26.0541,26.014,25.9729,25.9308,25.8877,25.8437,25.7988,25.753,25.7065,25.6592,25.6112,25.5626,25.5134,25.4636,25.4134,25.3627,25.3116,25.2602,25.2085,25.1565,25.1045,25.0523,25,
25,25.0496,25.0991,25.1486,25.1979,25.247,25.2959,25.3445,25.3927,25.4405,25.4879,25.5349,25.5812,25.6271,25.6723,25.7168,25.7606,25.8036,25.8459,25.8873,25.9279,25.9675,26.0061,26.0438,26.0804,26.116,26.1504,26.1837,26.2158,26.2467,26.2764,26.3048,26.3319,26.3576,26.382,26.4051,26.4267,26.447,26.4657,26.4831,26.4989,26.5132,26.5261,26.5374,26.5471,26.5554,26.562,26.5672,26.5707,26.5727,26.5731,26.5719,26.5691,26.5648,26.5589,26.5514,26.5424,26.5318,26.5197,26.5061,26.4909,26.4742,26.4561,26.4364,26.4153,26.3928,26.3689,26.3435,26.3168,26.2888,26.2594,26.2288,26.1969,26.1638,26.1294,26.0939,26.0573,26.0196,25.9809,25.9411,25.9003,25.8586,25.816,25.7726,25.7283,25.6833,25.6376,25.5912,25.5441,25.4965,25.4484,25.3998,25.3507,25.3013,25.2516,25.2016,25.1514,25.101,25.0505,25,
25,25.048,25.0959,25.1438,25.1915,25.239,25.2863,25.3333,25.38,25.4263,25.4722,25.5176,25.5624,25.6068,25.6505,25.6936,25.736,25.7777,25.8185,25.8586,25.8979,25.9362,25.9736,26.01,26.0455,26.0799,26.1132,26.1454,26.1765,26.2064,26.2351,26.2625,26.2887,26.3137,26.3373,26.3596,26.3805,26.4001,26.4183,26.435,26.4503,26.4642,26.4766,26.4875,26.497,26.5049,26.5114,26.5163,26.5198,26.5216,26.522,26.5209,26.5182,26.514,26.5083,26.501,26.4923,26.482,26.4703,26.4571,26.4424,26.4263,26.4087,26.3897,26.3692,26.3474,26.3242,26.2997,26.2739,26.2467,26.2183,26.1887,26.1578,26.1257,26.0925,26.0582,26.0227,25.9862,25.9487,25.9102,25.8708,25.8305,25.7892,25.7472,25.7044,25.6609,25.6166,25.5717,25.5262,25.4802,25.4336,25.3866,25.3392,25.2914,25.2433,25.195,25.1464,25.0977,25.0489,25,
25,25.0464,25.0928,25.1391,25.1853,25.2313,25.277,25.3225,25.3677,25.4125,25.4568,25.5008,25.5442,25.5871,25.6294,25.6711,25.7121,25.7524,25.792,25.8308,25.8687,25.9058,25.942,25.9773,26.0115,26.0448,26.0771,26.1082,26.1383,26.1672,26.195,26.2215,26.2469,26.271,26.2939,26.3154,26.3357,26.3546,26.3722,26.3884,26.4032,26.4166,26.4286,26.4392,26.4483,26.456,26.4623,26.467,26.4703,26.4721,26.4725,26.4714,26.4688,26.4647,26.4592,26.4521,26.4437,26.4338,26.4224,26.4096,26.3954,26.3797,26.3627,26.3443,26.3245,26.3034,26.281,26.2572,26.2322,26.206,26.1785,26.1498,26.1199,26.0888,26.0567,26.0235,25.9892,25.9539,25.9176,25.8803,25.8422,25.8032,25.7633,25.7226,25.6812,25.6391,25.5963,25.5529,25.5089,25.4643,25.4193,25.3739,25.328,25.2818,25.2353,25.1885,25.1416,25.0945,25.0473,25,
25,25.0449,25.0898,25.1346,25.1793,25.2238,25.268,25.312,25.3557,25.399,25.442,25.4845,25.5265,25.568,25.6089,25.6493,25.689,25.728,25.7662,25.8038,25.8405,25.8764,25.9114,25.9455,25.9786,26.0108,26.042,26.0722,26.1012,26.1292,26.1561,26.1818,26.2063,26.2297,26.2518,26.2726,26.2922,26.3105,26.3275,26.3432,26.3575,26.3705,26.3821,26.3923,26.4011,26.4086,26.4146,26.4192,26.4224,26.4241,26.4245,26.4234,26.4208,26.4169,26.4115,26.4047,26.3965,26.3869,26.3759,26.3635,26.3497,26.3346,26.3181,26.3003,26.2812,26.2607,26.239,26.216,26.1918,26.1664,26.1398,26.112,26.0831,26.0531,26.022,25.9898,25.9567,25.9225,25.8874,25.8514,25.8145,25.7767,25.7381,25.6988,25.6588,25.618,25.5766,25.5346,25.4921,25.449,25.4055,25.3615,25.3171,25.2725,25.2275,25.1823,25.1369,25.0913,25.0457,25,
25,25.0435,25.0869,25.1302,25.1734,25.2165,25.2593,25.3018,25.3441,25.386,25.4276,25.4687,25.5093,25.5495,25.5891,25.6281,25.6665,25.7042,25.7412,25.7775,25.8131,25.8478,25.8816,25.9146,25.9467,25.9778,26.008,26.0372,26.0653,26.0924,26.1183,26.1432,26.1669,26.1895,26.2109,26.2311,26.25,26.2677,26.2841,26.2993,26.3131,26.3257,26.3369,26.3468,26.3553,26.3625,26.3683,26.3728,26.3758,26.3775,26.3778,26.3768,26.3743,26.3705,26.3653,26.3587,26.3508,26.3415,26.3308,26.3188,26.3055,26.2908,26.2749,26.2576,26.2391,26.2193,26.1983,26.1761,26.1527,26.1281,26.1023,26.0754,26.0475,26.0184,25.9883,25.9572,25.9251,25.8921,25.8581,25.8233,25.7876,25.7511,25.7138,25.6757,25.637,25.5976,25.5575,25.5169,25.4758,25.4341,25.392,25.3495,25.3066,25.2634,25.22,25.1762,25.1323,25.0883,25.0442,25,
25,25.042,25.084,25.126,25.1677,25.2094,25.2508,25.292,25.3329,25.3734,25.4136,25.4534,25.4927,25.5315,25.5698,25.6076,25.6447,25.6812,25.717,25.7521,25.7865,25.82,25.8528,25.8847,25.9157,25.9458,25.975,26.0032,26.0304,26.0566,26.0817,26.1058,26.1287,26.1506,26.1712,26.1907,26.2091,26.2262,26.2421,26.2567,26.2701,26.2822,26.2931,26.3026,26.3109,26.3178,26.3234,26.3277,26.3307,26.3323,26.3326,26.3316,26.3292,26.3255,26.3204,26.3141,26.3064,26.2974,26.2871,26.2754,26.2625,26.2484,26.2329,26.2162,26.1983,26.1792,26.1588,26.1373,26.1147,26.0909,26.0659,26.0399,26.0129,25.9848,25.9557,25.9256,25.8945,25.8626,25.8297,25.796,25.7615,25.7262,25.6901,25.6533,25.6159,25.5778,25.5391,25.4998,25.46,25.4197,25.379,25.3379,25.2965,25.2547,25.2126,25.1704,25.1279,25.0854,25.0427,25,
25,25.0407,25.0813,25.1218,25.1622,25.2025,25.2426,25.2824,25.3219,25.3612,25.4,25.4385,25.4765,25.5141,25.5511,25.5876,25.6235,25.6588,25.6935,25.7274,25.7606,25.7931,25.8248,25.8556,25.8857,25.9148,25.943,25.9703,25.9966,26.0219,26.0462,26.0695,26.0916,26.1127,26.1327,26.1516,26.1693,26.1859,26.2012,26.2154,26.2283,26.2401,26.2506,26.2598,26.2678,26.2745,26.2799,26.284,26.2869,26.2885,26.2887,26.2877,26.2854,26.2818,26.2769,26.2708,26.2633,26.2546,26.2446,26.2334,26.2209,26.2072,26.1922,26.1761,26.1587,26.1402,26.1205,26.0997,26.0778,26.0548,26.0307,26.0055,25.9793,25.9522,25.924,25.8949,25.8649,25.834,25.8022,25.7696,25.7362,25.7021,25.6672,25.6316,25.5954,25.5586,25.5211,25.4832,25.4447,25.4058,25.3664,25.3267,25.2866,25.2462,25.2056,25.1647,25.1237,25.0825,25.0413,25,
25,25.0393,25.0786,25.1178,25.1569,25.1958,25.2346,25.2731,25.3113,25.3493,25.3868,25.424,25.4608,25.4971,25.533,25.5683,25.603,25.6371,25.6706,25.7034,25.7356,25.767,25.7976,25.8274,25.8565,25.8846,25.9119,25.9383,25.9637,25.9882,26.0117,26.0342,26.0557,26.0761,26.0954,26.1136,26.1308,26.1468,26.1616,26.1753,26.1878,26.1992,26.2093,26.2182,26.2259,26.2324,26.2376,26.2416,26.2444,26.2459,26.2462,26.2452,26.2429,26.2394,26.2347,26.2287,26.2215,26.2131,26.2034,26.1925,26.1805,26.1672,26.1527,26.1371,26.1203,26.1024,26.0834,26.0633,26.042,26.0198,25.9965,25.9721,25.9468,25.9205,25.8933,25.8652,25.8361,25.8062,25.7755,25.744,25.7117,25.6787,25.645,25.6106,25.5756,25.5399,25.5037,25.467,25.4299,25.3922,25.3542,25.3158,25.277,25.238,25.1987,25.1592,25.1195,25.0798,25.0399,25,
25,25.038,25.076,25.1139,25.1517,25.1894,25.2268,25.2641,25.301,25.3377,25.374,25.41,25.4456,25.4807,25.5153,25.5495,25.583,25.616,25.6484,25.6802,25.7113,25.7416,25.7712,25.8001,25.8281,25.8554,25.8818,25.9073,25.9319,25.9555,25.9782,26,26.0207,26.0404,26.0591,26.0768,26.0933,26.1088,26.1231,26.1364,26.1485,26.1594,26.1692,26.1778,26.1853,26.1916,26.1966,26.2005,26.2031,26.2046,26.2048,26.2039,26.2017,26.1983,26.1937,26.188,26.181,26.1728,26.1634,26.1529,26.1412,26.1284,26.1144,26.0993,26.0831,26.0657,26.0473,26.0279,26.0074,25.9858,25.9633,25.9397,25.9153,25.8898,25.8635,25.8363,25.8082,25.7793,25.7496,25.7192,25.6879,25.656,25.6234,25.5902,25.5563,25.5219,25.4869,25.4514,25.4155,25.3791,25.3423,25.3052,25.2677,25.23,25.192,25.1539,25.1155,25.0771,25.0386,25,
25,25.0368,25.0735,25.1101,25.1467,25.1831,25.2193,25.2553,25.291,25.3265,25.3616,25.3964,25.4308,25.4647,25.4982,25.5312,25.5637,25.5956,25.6269,25.6576,25.6876,25.717,25.7456,25.7735,25.8006,25.827,25.8525,25.8771,25.9009,25.9238,25.9457,25.9668,25.9868,26.0059,26.0239,26.041,26.057,26.0719,26.0858,26.0986,26.1103,26.1209,26.1303,26.1387,26.1459,26.1519,26.1568,26.1605,26.1631,26.1645,26.1647,26.1638,26.1617,26.1584,26.154,26.1484,26.1416,26.1337,26.1247,26.1145,26.1032,26.0907,26.0772,26.0626,26.0469,26.0302,26.0124,25.9935,25.9737,25.9529,25.9311,25.9083,25.8846,25.8601,25.8346,25.8083,25.7812,25.7532,25.7245,25.695,25.6649,25.634,25.6025,25.5704,25.5376,25.5044,25.4706,25.4363,25.4015,25.3664,25.3308,25.2949,25.2587,25.2223,25.1856,25.1487,25.1117,25.0745,25.0373,25,
25,25.0355,25.071,25.1065,25.1418,25.177,25.212,25.2468,25.2813,25.3156,25.3496,25.3832,25.4164,25.4492,25.4816,25.5135,25.5449,25.5757,25.606,25.6357,25.6647,25.6931,25.7208,25.7477,25.7739,25.7994,25.824,25.8479,25.8709,25.893,25.9142,25.9345,25.9539,25.9723,25.9898,26.0062,26.0217,26.0362,26.0496,26.0619,26.0732,26.0835,26.0926,26.1006,26.1076,26.1134,26.1182,26.1218,26.1242,26.1256,26.1258,26.1249,26.1228,26.1197,26.1154,26.11,26.1034,26.0958,26.087,26.0772,26.0662,26.0542,26.0411,26.027,26.0118,25.9956,25.9784,25.9602,25.941,25.9209,25.8998,25.8778,25.8549,25.8312,25.8066,25.7811,25.7549,25.7279,25.7001,25.6717,25.6425,25.6127,25.5822,25.5512,25.5195,25.4874,25.4547,25.4216,25.388,25.354,25.3197,25.285,25.25,25.2148,25.1793,25.1437,25.1079,25.072,25.036,25,
25,25.0343,25.0687,25.1029,25.137,25.1711,25.2049,25.2385,25.2719,25.305,25.3379,25.3704,25.4025,25.4342,25.4655,25.4963,25.5267,25.5565,25.5857,25.6144,25.6424,25.6699,25.6966,25.7227,25.748,25.7726,25.7964,25.8195,25.8417,25.8631,25.8836,25.9032,25.9219,25.9397,25.9566,25.9725,25.9875,26.0014,26.0144,26.0263,26.0372,26.0471,26.056,26.0637,26.0704,26.0761,26.0806,26.0841,26.0865,26.0878,26.088,26.0871,26.0851,26.0821,26.0779,26.0727,26.0663,26.0589,26.0505,26.0409,26.0304,26.0187,26.0061,25.9924,25.9778,25.9621,25.9455,25.9279,25.9093,25.8898,25.8695,25.8482,25.8261,25.8031,25.7794,25.7548,25.7294,25.7033,25.6765,25.649,25.6208,25.592,25.5625,25.5325,25.502,25.4709,25.4393,25.4073,25.3748,25.342,25.3088,25.2753,25.2415,25.2075,25.1732,25.1388,25.1042,25.0695,25.0348,25,
25,25.0332,25.0663,25.0994,25.1324,25.1653,25.198,25.2305,25.2628,25.2948,25.3265,25.3579,25.3889,25.4196,25.4498,25.4796,25.5089,25.5377,25.566,25.5937,25.6208,25.6473,25.6732,25.6984,25.7228,25.7466,25.7696,25.7919,25.8133,25.834,25.8538,25.8728,25.8909,25.9081,25.9244,25.9398,25.9542,25.9677,25.9802,25.9917,26.0023,26.0118,26.0204,26.0279,26.0344,26.0398,26.0442,26.0475,26.0498,26.0511,26.0513,26.0504,26.0485,26.0455,26.0415,26.0364,26.0303,26.0232,26.015,26.0058,25.9955,25.9843,25.9721,25.9589,25.9447,25.9296,25.9135,25.8965,25.8785,25.8597,25.84,25.8195,25.7981,25.7759,25.7529,25.7292,25.7047,25.6795,25.6535,25.627,25.5997,25.5719,25.5434,25.5144,25.4849,25.4549,25.4244,25.3934,25.3621,25.3304,25.2983,25.266,25.2333,25.2004,25.1674,25.1341,25.1007,25.0672,25.0336,25,
25,25.0321,25.0641,25.0961,25.128,25.1597,25.1913,25.2227,25.2539,25.2848,25.3155,25.3458,25.3758,25.4054,25.4346,25.4634,25.4917,25.5196,25.5469,25.5736,25.5998,25.6254,25.6504,25.6747,25.6984,25.7214,25.7436,25.7651,25.7858,25.8058,25.8249,25.8433,25.8607,25.8774,25.8931,25.908,25.9219,25.9349,25.947,25.9582,25.9684,25.9776,25.9858,25.9931,25.9993,26.0046,26.0088,26.012,26.0143,26.0155,26.0156,26.0148,26.013,26.0101,26.0062,26.0013,25.9954,25.9884,25.9805,25.9716,25.9617,25.9509,25.9391,25.9263,25.9126,25.898,25.8824,25.866,25.8487,25.8305,25.8115,25.7916,25.7709,25.7495,25.7273,25.7043,25.6807,25.6563,25.6313,25.6056,25.5793,25.5524,25.5249,25.4969,25.4684,25.4394,25.4099,25.38,25.3497,25.3191,25.2881,25.2569,25.2253,25.1936,25.1616,25.1295,25.0972,25.0649,25.0325,25,
25,25.031,25.0619,25.0928,25.1236,25.1543,25.1848,25.2151,25.2453,25.2751,25.3047,25.334,25.363,25.3916,25.4198,25.4477,25.475,25.5019,25.5283,25.5541,25.5794,25.6042,25.6283,25.6518,25.6746,25.6968,25.7183,25.7391,25.7591,25.7784,25.7969,25.8146,25.8315,25.8475,25.8627,25.8771,25.8905,25.9031,25.9148,25.9255,25.9354,25.9443,25.9522,25.9592,25.9653,25.9703,25.9744,25.9776,25.9797,25.9809,25.981,25.9802,25.9784,25.9756,25.9719,25.9671,25.9614,25.9547,25.9471,25.9385,25.9289,25.9184,25.907,25.8947,25.8814,25.8673,25.8523,25.8364,25.8196,25.8021,25.7837,25.7645,25.7446,25.7239,25.7024,25.6802,25.6574,25.6338,25.6096,25.5848,25.5594,25.5334,25.5069,25.4798,25.4523,25.4243,25.3958,25.367,25.3377,25.3082,25.2782,25.2481,25.2176,25.1869,25.1561,25.1251,25.0939,25.0627,25.0313,25,
25,25.0299,25.0598,25.0896,25.1194,25.149,25.1785,25.2078,25.2369,25.2657,25.2943,25.3226,25.3506,25.3782,25.4055,25.4323,25.4588,25.4847,25.5102,25.5352,25.5596,25.5835,25.6068,25.6295,25.6516,25.673,25.6937,25.7138,25.7331,25.7517,25.7696,25.7867,25.803,25.8185,25.8332,25.847,25.8601,25.8722,25.8835,25.8939,25.9034,25.912,25.9196,25.9264,25.9322,25.9371,25.9411,25.9441,25.9461,25.9472,25.9474,25.9466,25.9449,25.9422,25.9385,25.934,25.9284,25.922,25.9146,25.9063,25.897,25.8869,25.8758,25.8639,25.8511,25.8375,25.823,25.8076,25.7915,25.7745,25.7567,25.7382,25.719,25.6989,25.6782,25.6568,25.6347,25.612,25.5886,25.5647,25.5401,25.5151,25.4894,25.4633,25.4367,25.4097,25.3822,25.3543,25.3261,25.2975,25.2686,25.2395,25.2101,25.1805,25.1507,25.1207,25.0907,25.0605,25.0303,25,
25,25.0289,25.0577,25.0866,25.1153,25.1439,25.1723,25.2006,25.2287,25.2566,25.2842,25.3115,25.3385,25.3652,25.3915,25.4175,25.443,25.4681,25.4927,25.5168,25.5404,25.5634,25.5859,25.6078,25.6292,25.6498,25.6699,25.6892,25.7079,25.7259,25.7431,25.7596,25.7754,25.7903,25.8045,25.8179,25.8304,25.8422,25.853,25.8631,25.8722,25.8805,25.8879,25.8945,25.9001,25.9048,25.9086,25.9115,25.9135,25.9146,25.9147,25.914,25.9123,25.9097,25.9062,25.9017,25.8964,25.8901,25.883,25.875,25.866,25.8563,25.8456,25.8341,25.8217,25.8085,25.7945,25.7797,25.7641,25.7477,25.7306,25.7127,25.6941,25.6748,25.6547,25.6341,25.6128,25.5908,25.5683,25.5451,25.5214,25.4972,25.4725,25.4472,25.4216,25.3954,25.3689,25.342,25.3148,25.2872,25.2593,25.2312,25.2028,25.1742,25.1455,25.1165,25.0875,25.0584,25.0292,25,
25,25.0279,25.0557,25.0836,25.1113,25.1389,25.1664,25.1937,25.2208,25.2477,25.2744,25.3007,25.3268,25.3526,25.378,25.403,25.4277,25.4519,25.4756,25.4989,25.5217,25.5439,25.5656,25.5868,25.6074,25.6273,25.6467,25.6654,25.6834,25.7007,25.7174,25.7333,25.7485,25.7629,25.7766,25.7895,25.8017,25.813,25.8235,25.8332,25.842,25.85,25.8572,25.8635,25.8689,25.8734,25.8771,25.8799,25.8818,25.8829,25.883,25.8822,25.8806,25.8781,25.8747,25.8704,25.8653,25.8592,25.8523,25.8446,25.836,25.8265,25.8162,25.8051,25.7931,25.7804,25.7669,25.7526,25.7375,25.7217,25.7051,25.6879,25.6699,25.6513,25.6319,25.612,25.5914,25.5702,25.5484,25.5261,25.5032,25.4799,25.456,25.4316,25.4069,25.3816,25.356,25.3301,25.3038,25.2772,25.2503,25.2231,25.1957,25.1681,25.1404,25.1125,25.0845,25.0564,25.0282,25,
25,25.0269,25.0538,25.0806,25.1074,25.1341,25.1606,25.1869,25.2131,25.2391,25.2648,25.2903,25.3154,25.3403,25.3648,25.389,25.4127,25.4361,25.459,25.4815,25.5035,25.525,25.5459,25.5663,25.5862,25.6055,25.6241,25.6422,25.6595,25.6763,25.6924,25.7077,25.7224,25.7363,25.7495,25.762,25.7737,25.7846,25.7947,25.8041,25.8126,25.8203,25.8272,25.8333,25.8385,25.8429,25.8465,25.8492,25.851,25.852,25.8521,25.8514,25.8498,25.8474,25.8441,25.84,25.835,25.8292,25.8225,25.815,25.8067,25.7976,25.7876,25.7769,25.7654,25.7531,25.74,25.7262,25.7117,25.6964,25.6804,25.6638,25.6464,25.6284,25.6098,25.5905,25.5707,25.5502,25.5292,25.5077,25.4856,25.463,25.44,25.4165,25.3926,25.3682,25.3435,25.3185,25.2931,25.2674,25.2415,25.2153,25.1888,25.1622,25.1354,25.1085,25.0815,25.0544,25.0272,25,
25,25.026,25.0519,25.0778,25.1036,25.1293,25.1549,25.1804,25.2056,25.2307,25.2555,25.2801,25.3044,25.3283,25.352,25.3753,25.3983,25.4208,25.4429,25.4646,25.4858,25.5065,25.5267,25.5464,25.5656,25.5842,25.6022,25.6196,25.6364,25.6525,25.668,25.6829,25.697,25.7105,25.7232,25.7352,25.7465,25.757,25.7668,25.7758,25.784,25.7915,25.7981,25.804,25.809,25.8133,25.8167,25.8193,25.8211,25.822,25.8222,25.8215,25.8199,25.8176,25.8144,25.8104,25.8056,25.8,25.7935,25.7863,25.7783,25.7695,25.7599,25.7495,25.7384,25.7265,25.7139,25.7006,25.6866,25.6718,25.6564,25.6403,25.6236,25.6062,25.5883,25.5697,25.5505,25.5308,25.5105,25.4897,25.4684,25.4467,25.4244,25.4018,25.3787,25.3552,25.3314,25.3072,25.2827,25.258,25.2329,25.2077,25.1822,25.1565,25.1306,25.1047,25.0786,25.0524,25.0262,25,
25,25.0251,25.0501,25.0751,25.1,25.1248,25.1495,25.174,25.1984,25.2225,25.2465,25.2702,25.2936,25.3167,25.3396,25.362,25.3842,25.4059,25.4272,25.4481,25.4686,25.4886,25.5081,25.5271,25.5456,25.5635,25.5809,25.5977,25.6138,25.6294,25.6444,25.6587,25.6723,25.6853,25.6976,25.7092,25.7201,25.7302,25.7396,25.7483,25.7563,25.7635,25.7699,25.7755,25.7804,25.7845,25.7878,25.7903,25.792,25.7929,25.793,25.7923,25.7908,25.7886,25.7855,25.7817,25.777,25.7716,25.7654,25.7584,25.7506,25.7421,25.7329,25.7229,25.7122,25.7007,25.6886,25.6757,25.6622,25.648,25.6331,25.6176,25.6014,25.5847,25.5673,25.5494,25.5309,25.5119,25.4923,25.4723,25.4517,25.4307,25.4093,25.3874,25.3652,25.3426,25.3196,25.2963,25.2727,25.2488,25.2246,25.2003,25.1757,25.1509,25.126,25.1009,25.0758,25.0506,25.0253,25,
25,25.0242,25.0483,25.0724,25.0964,25.1203,25.1441,25.1678,25.1913,25.2146,25.2377,25.2605,25.2831,25.3054,25.3274,25.3491,25.3704,25.3914,25.412,25.4321,25.4519,25.4712,25.49,25.5083,25.5261,25.5434,25.5601,25.5763,25.5919,25.607,25.6214,25.6352,25.6483,25.6608,25.6727,25.6838,25.6943,25.7041,25.7132,25.7216,25.7293,25.7362,25.7424,25.7478,25.7525,25.7564,25.7596,25.762,25.7637,25.7645,25.7646,25.764,25.7626,25.7604,25.7574,25.7537,25.7492,25.744,25.738,25.7313,25.7238,25.7156,25.7066,25.697,25.6867,25.6756,25.6639,25.6515,25.6384,25.6247,25.6104,25.5954,25.5799,25.5637,25.547,25.5297,25.5119,25.4935,25.4747,25.4553,25.4355,25.4153,25.3946,25.3735,25.3521,25.3303,25.3081,25.2856,25.2629,25.2398,25.2166,25.1931,25.1694,25.1455,25.1215,25.0973,25.0731,25.0488,25.0244,25,
25,25.0233,25.0466,25.0698,25.0929,25.116,25.1389,25.1617,25.1844,25.2069,25.2291,25.2511,25.2729,25.2944,25.3156,25.3365,25.3571,25.3773,25.3972,25.4166,25.4356,25.4542,25.4723,25.49,25.5072,25.5238,25.54,25.5556,25.5706,25.5851,25.599,25.6123,25.625,25.637,25.6484,25.6592,25.6693,25.6788,25.6875,25.6956,25.703,25.7096,25.7156,25.7208,25.7254,25.7291,25.7322,25.7345,25.7361,25.737,25.7371,25.7364,25.735,25.7329,25.7301,25.7265,25.7222,25.7171,25.7113,25.7048,25.6976,25.6897,25.6811,25.6718,25.6619,25.6512,25.6399,25.628,25.6154,25.6021,25.5883,25.5739,25.5589,25.5433,25.5272,25.5105,25.4933,25.4757,25.4575,25.4389,25.4198,25.4002,25.3803,25.36,25.3393,25.3183,25.2969,25.2753,25.2533,25.2311,25.2087,25.1861,25.1632,25.1402,25.1171,25.0938,25.0704,25.047,25.0235,25,
25,25.0224,25.0449,25.0672,25.0896,25.1118,25.1339,25.1559,25.1777,25.1993,25.2208,25.242,25.263,25.2837,25.3042,25.3243,25.3441,25.3636,25.3827,25.4015,25.4198,25.4377,25.4552,25.4722,25.4887,25.5048,25.5203,25.5354,25.5499,25.5638,25.5772,25.59,25.6022,25.6139,25.6249,25.6352,25.645,25.6541,25.6625,25.6703,25.6774,25.6838,25.6896,25.6946,25.699,25.7026,25.7056,25.7078,25.7093,25.7101,25.7102,25.7096,25.7083,25.7062,25.7035,25.7,25.6959,25.691,25.6854,25.6792,25.6722,25.6646,25.6563,25.6473,25.6377,25.6275,25.6166,25.605,25.5929,25.5802,25.5669,25.553,25.5385,25.5235,25.5079,25.4919,25.4753,25.4583,25.4408,25.4228,25.4044,25.3856,25.3664,25.3469,25.3269,25.3067,25.2861,25.2652,25.2441,25.2227,25.2011,25.1793,25.1572,25.1351,25.1128,25.0904,25.0678,25.0453,25.0226,25,
25,25.0216,25.0432,25.0648,25.0863,25.1077,25.129,25.1501,25.1712,25.192,25.2127,25.2331,25.2534,25.2733,25.293,25.3124,25.3315,25.3503,25.3687,25.3867,25.4044,25.4216,25.4385,25.4549,25.4708,25.4863,25.5012,25.5157,25.5297,25.5431,25.556,25.5684,25.5801,25.5913,25.6019,25.6119,25.6213,25.6301,25.6382,25.6457,25.6525,25.6587,25.6642,25.6691,25.6733,25.6768,25.6796,25.6818,25.6832,25.684,25.6841,25.6835,25.6822,25.6803,25.6776,25.6743,25.6703,25.6656,25.6602,25.6542,25.6475,25.6401,25.6321,25.6235,25.6142,25.6044,25.5939,25.5828,25.5711,25.5588,25.546,25.5326,25.5187,25.5042,25.4892,25.4738,25.4578,25.4414,25.4245,25.4072,25.3895,25.3714,25.3529,25.3341,25.3149,25.2953,25.2755,25.2554,25.2351,25.2145,25.1937,25.1726,25.1514,25.1301,25.1086,25.087,25.0653,25.0436,25.0218,25,
25,25.0208,25.0416,25.0624,25.0831,25.1037,25.1242,25.1446,25.1648,25.1849,25.2048,25.2245,25.244,25.2632,25.2821,25.3008,25.3192,25.3373,25.355,25.3724,25.3894,25.406,25.4222,25.438,25.4533,25.4682,25.4826,25.4966,25.51,25.523,25.5354,25.5473,25.5586,25.5694,25.5796,25.5892,25.5982,25.6067,25.6145,25.6217,25.6283,25.6342,25.6396,25.6442,25.6483,25.6517,25.6544,25.6564,25.6579,25.6586,25.6587,25.6581,25.6569,25.655,25.6524,25.6492,25.6453,25.6408,25.6357,25.6298,25.6234,25.6163,25.6086,25.6003,25.5914,25.5819,25.5718,25.5611,25.5498,25.538,25.5256,25.5127,25.4993,25.4854,25.471,25.4561,25.4407,25.4249,25.4087,25.392,25.375,25.3575,25.3397,25.3216,25.3031,25.2843,25.2653,25.2459,25.2263,25.2065,25.1864,25.1662,25.1458,25.1252,25.1046,25.0838,25.0629,25.042,25.021,25,
25,25.02,25.0401,25.06,25.0799,25.0998,25.1195,25.1391,25.1586,25.178,25.1971,25.2161,25.2348,25.2533,25.2716,25.2895,25.3072,25.3246,25.3417,25.3584,25.3748,25.3908,25.4064,25.4215,25.4363,25.4506,25.4645,25.478,25.4909,25.5033,25.5153,25.5267,25.5376,25.548,25.5578,25.5671,25.5758,25.5839,25.5914,25.5984,25.6047,25.6104,25.6155,25.62,25.6239,25.6272,25.6298,25.6318,25.6331,25.6339,25.6339,25.6334,25.6322,25.6304,25.6279,25.6248,25.6211,25.6167,25.6117,25.6062,25.5999,25.5931,25.5857,25.5777,25.5691,25.56,25.5502,25.54,25.5291,25.5177,25.5058,25.4934,25.4805,25.4671,25.4533,25.4389,25.4241,25.4089,25.3933,25.3773,25.3609,25.3441,25.3269,25.3095,25.2917,25.2736,25.2553,25.2366,25.2178,25.1987,25.1794,25.1599,25.1403,25.1205,25.1006,25.0806,25.0605,25.0404,25.0202,25,
25,25.0193,25.0385,25.0577,25.0769,25.096,25.115,25.1339,25.1526,25.1712,25.1896,25.2079,25.2259,25.2437,25.2612,25.2785,25.2956,25.3123,25.3287,25.3448,25.3605,25.3759,25.3909,25.4055,25.4197,25.4335,25.4469,25.4598,25.4722,25.4842,25.4957,25.5067,25.5172,25.5272,25.5366,25.5455,25.5539,25.5617,25.5689,25.5756,25.5817,25.5872,25.5921,25.5965,25.6002,25.6033,25.6059,25.6078,25.6091,25.6098,25.6098,25.6093,25.6081,25.6064,25.604,25.601,25.5974,25.5933,25.5885,25.5831,25.5771,25.5706,25.5634,25.5557,25.5475,25.5386,25.5293,25.5194,25.509,25.498,25.4866,25.4746,25.4622,25.4493,25.436,25.4222,25.408,25.3933,25.3783,25.3629,25.3471,25.3309,25.3145,25.2977,25.2806,25.2632,25.2455,25.2276,25.2095,25.1911,25.1726,25.1538,25.1349,25.1159,25.0968,25.0775,25.0582,25.0388,25.0194,25,
25,25.0185,25.037,25.0555,25.0739,25.0923,25.1106,25.1287,25.1467,25.1646,25.1823,25.1999,25.2172,25.2343,25.2512,25.2678,25.2842,25.3003,25.3161,25.3315,25.3467,25.3615,25.3759,25.3899,25.4036,25.4169,25.4297,25.4421,25.4541,25.4656,25.4766,25.4872,25.4973,25.5069,25.516,25.5245,25.5326,25.5401,25.547,25.5535,25.5593,25.5646,25.5693,25.5735,25.5771,25.5801,25.5825,25.5844,25.5856,25.5863,25.5863,25.5858,25.5847,25.583,25.5807,25.5779,25.5744,25.5704,25.5658,25.5606,25.5549,25.5486,25.5417,25.5343,25.5263,25.5179,25.5089,25.4993,25.4893,25.4788,25.4678,25.4563,25.4444,25.432,25.4191,25.4059,25.3922,25.3781,25.3637,25.3489,25.3337,25.3182,25.3023,25.2862,25.2697,25.253,25.236,25.2188,25.2014,25.1837,25.1659,25.1479,25.1297,25.1114,25.093,25.0745,25.056,25.0373,25.0187,25,
25,25.0178,25.0356,25.0534,25.0711,25.0887,25.1063,25.1237,25.141,25.1582,25.1752,25.1921,25.2087,25.2252,25.2414,25.2574,25.2731,25.2886,25.3037,25.3186,25.3331,25.3474,25.3612,25.3747,25.3879,25.4006,25.4129,25.4249,25.4364,25.4474,25.4581,25.4682,25.4779,25.4871,25.4958,25.5041,25.5118,25.519,25.5257,25.5319,25.5375,25.5426,25.5471,25.5511,25.5546,25.5574,25.5598,25.5615,25.5627,25.5634,25.5634,25.5629,25.5619,25.5602,25.5581,25.5553,25.552,25.5481,25.5437,25.5387,25.5332,25.5271,25.5205,25.5134,25.5058,25.4976,25.489,25.4798,25.4702,25.4601,25.4495,25.4385,25.427,25.4151,25.4027,25.39,25.3769,25.3633,25.3495,25.3352,25.3206,25.3057,25.2905,25.275,25.2592,25.2431,25.2268,25.2102,25.1935,25.1765,25.1594,25.1421,25.1246,25.1071,25.0894,25.0716,25.0538,25.0359,25.0179,25,
25,25.0171,25.0342,25.0512,25.0683,25.0852,25.102,25.1188,25.1354,25.1519,25.1683,25.1845,25.2005,25.2163,25.2318,25.2472,25.2623,25.2771,25.2917,25.306,25.32,25.3336,25.3469,25.3599,25.3725,25.3847,25.3966,25.408,25.4191,25.4297,25.4399,25.4497,25.459,25.4678,25.4762,25.4841,25.4915,25.4985,25.5049,25.5108,25.5162,25.5211,25.5255,25.5293,25.5326,25.5354,25.5376,25.5393,25.5404,25.5411,25.5411,25.5406,25.5396,25.538,25.5359,25.5333,25.5301,25.5264,25.5221,25.5173,25.512,25.5062,25.4999,25.493,25.4857,25.4779,25.4696,25.4608,25.4515,25.4418,25.4317,25.4211,25.41,25.3986,25.3868,25.3745,25.3619,25.3489,25.3356,25.3219,25.3079,25.2936,25.2789,25.264,25.2489,25.2334,25.2178,25.2019,25.1858,25.1695,25.153,25.1364,25.1197,25.1028,25.0858,25.0688,25.0516,25.0345,25.0172,25,
25,25.0164,25.0328,25.0492,25.0655,25.0818,25.0979,25.114,25.13,25.1458,25.1615,25.1771,25.1924,25.2076,25.2225,25.2373,25.2518,25.266,25.28,25.2937,25.3071,25.3202,25.333,25.3454,25.3575,25.3693,25.3806,25.3916,25.4022,25.4124,25.4222,25.4316,25.4405,25.449,25.4571,25.4646,25.4718,25.4784,25.4846,25.4903,25.4954,25.5001,25.5043,25.508,25.5112,25.5138,25.516,25.5176,25.5187,25.5193,25.5193,25.5189,25.5179,25.5164,25.5144,25.5118,25.5088,25.5052,25.5011,25.4965,25.4914,25.4858,25.4797,25.4732,25.4661,25.4586,25.4507,25.4422,25.4333,25.424,25.4143,25.4041,25.3935,25.3825,25.3712,25.3594,25.3473,25.3348,25.322,25.3089,25.2955,25.2817,25.2677,25.2534,25.2388,25.224,25.209,25.1937,25.1783,25.1627,25.1469,25.1309,25.1149,25.0987,25.0824,25.066,25.0496,25.0331,25.0165,25,
25,25.0157,25.0315,25.0472,25.0628,25.0784,25.0939,25.1094,25.1247,25.1399,25.1549,25.1698,25.1845,25.1991,25.2134,25.2276,25.2415,25.2551,25.2685,25.2817,25.2945,25.3071,25.3194,25.3313,25.3429,25.3542,25.3651,25.3756,25.3858,25.3956,25.405,25.414,25.4225,25.4307,25.4384,25.4457,25.4525,25.4588,25.4648,25.4702,25.4752,25.4797,25.4837,25.4872,25.4903,25.4928,25.4949,25.4964,25.4975,25.498,25.4981,25.4977,25.4967,25.4953,25.4933,25.4909,25.4879,25.4845,25.4806,25.4762,25.4713,25.4659,25.4601,25.4538,25.4471,25.4398,25.4322,25.4241,25.4156,25.4066,25.3973,25.3875,25.3774,25.3669,25.356,25.3447,25.3331,25.3211,25.3088,25.2962,25.2834,25.2702,25.2567,25.243,25.229,25.2148,25.2004,25.1858,25.171,25.156,25.1408,25.1256,25.1101,25.0946,25.079,25.0633,25.0475,25.0317,25.0159,25,
25,25.0151,25.0302,25.0452,25.0602,25.0752,25.09,25.1048,25.1195,25.134,25.1485,25.1628,25.1769,25.1908,25.2046,25.2181,25.2314,25.2445,25.2574,25.27,25.2823,25.2943,25.3061,25.3175,25.3287,25.3394,25.3499,25.36,25.3698,25.3791,25.3881,25.3967,25.4049,25.4127,25.4201,25.4271,25.4336,25.4398,25.4454,25.4506,25.4554,25.4597,25.4636,25.4669,25.4699,25.4723,25.4743,25.4758,25.4768,25.4773,25.4774,25.4769,25.476,25.4746,25.4728,25.4704,25.4676,25.4643,25.4606,25.4563,25.4517,25.4465,25.4409,25.4349,25.4284,25.4215,25.4142,25.4064,25.3983,25.3897,25.3807,25.3714,25.3617,25.3516,25.3411,25.3303,25.3192,25.3077,25.296,25.2839,25.2715,25.2589,25.246,25.2328,25.2195,25.2059,25.192,25.178,25.1638,25.1495,25.135,25.1203,25.1055,25.0907,25.0757,25.0606,25.0455,25.0304,25.0152,25,
25,25.0145,25.0289,25.0433,25.0577,25.072,25.0862,25.1004,25.1144,25.1284,25.1422,25.1558,25.1694,25.1827,25.1959,25.2089,25.2216,25.2342,25.2465,25.2585,25.2703,25.2819,25.2931,25.3041,25.3147,25.3251,25.3351,25.3447,25.3541,25.3631,25.3717,25.3799,25.3878,25.3952,25.4023,25.409,25.4153,25.4211,25.4265,25.4315,25.4361,25.4402,25.4439,25.4471,25.4499,25.4523,25.4541,25.4556,25.4565,25.457,25.4571,25.4567,25.4558,25.4545,25.4527,25.4504,25.4478,25.4446,25.441,25.437,25.4325,25.4276,25.4222,25.4164,25.4102,25.4036,25.3966,25.3892,25.3813,25.3731,25.3645,25.3556,25.3463,25.3366,25.3266,25.3163,25.3056,25.2946,25.2834,25.2718,25.26,25.2479,25.2355,25.2229,25.2101,25.1971,25.1839,25.1705,25.1569,25.1431,25.1292,25.1152,25.101,25.0868,25.0725,25.0581,25.0436,25.0291,25.0146,25,
25,25.0138,25.0276,25.0414,25.0552,25.0689,25.0825,25.096,25.1095,25.1228,25.136,25.1491,25.162,25.1748,25.1874,25.1998,25.212,25.224,25.2358,25.2473,25.2586,25.2697,25.2804,25.2909,25.3011,25.311,25.3206,25.3298,25.3388,25.3473,25.3556,25.3635,25.371,25.3781,25.3849,25.3913,25.3973,25.4029,25.4081,25.4128,25.4172,25.4212,25.4247,25.4278,25.4304,25.4327,25.4345,25.4358,25.4368,25.4373,25.4373,25.4369,25.4361,25.4348,25.4331,25.4309,25.4284,25.4253,25.4219,25.418,25.4137,25.409,25.4039,25.3984,25.3924,25.3861,25.3794,25.3723,25.3648,25.357,25.3487,25.3402,25.3313,25.322,25.3124,25.3026,25.2924,25.2819,25.2711,25.26,25.2487,25.2371,25.2253,25.2133,25.201,25.1885,25.1759,25.1631,25.1501,25.1369,25.1236,25.1102,25.0967,25.083,25.0693,25.0555,25.0417,25.0278,25.0139,25,
25,25.0132,25.0264,25.0396,25.0527,25.0658,25.0788,25.0918,25.1046,25.1174,25.13,25.1425,25.1549,25.1671,25.1791,25.191,25.2026,25.2141,25.2254,25.2364,25.2472,25.2577,25.268,25.278,25.2878,25.2972,25.3064,25.3152,25.3238,25.332,25.3399,25.3474,25.3546,25.3614,25.3679,25.374,25.3797,25.3851,25.39,25.3946,25.3988,25.4025,25.4059,25.4089,25.4114,25.4135,25.4153,25.4166,25.4174,25.4179,25.4179,25.4176,25.4168,25.4156,25.4139,25.4119,25.4094,25.4065,25.4032,25.3995,25.3954,25.3909,25.386,25.3807,25.3751,25.369,25.3626,25.3558,25.3487,25.3411,25.3333,25.3251,25.3166,25.3078,25.2986,25.2891,25.2794,25.2694,25.2591,25.2485,25.2377,25.2266,25.2153,25.2038,25.1921,25.1802,25.1681,25.1558,25.1434,25.1308,25.1181,25.1053,25.0924,25.0793,25.0662,25.0531,25.0399,25.0266,25.0133,25,
25,25.0126,25.0252,25.0378,25.0503,25.0628,25.0753,25.0876,25.0999,25.1121,25.1241,25.1361,25.1479,25.1595,25.171,25.1823,25.1935,25.2044,25.2152,25.2257,25.236,25.2461,25.2559,25.2655,25.2748,25.2838,25.2925,25.301,25.3091,25.317,25.3245,25.3317,25.3385,25.3451,25.3512,25.3571,25.3625,25.3676,25.3724,25.3767,25.3807,25.3843,25.3875,25.3903,25.3928,25.3948,25.3965,25.3977,25.3985,25.399,25.399,25.3987,25.3979,25.3967,25.3952,25.3932,25.3909,25.3881,25.385,25.3814,25.3775,25.3732,25.3685,25.3635,25.3581,25.3523,25.3462,25.3397,25.3329,25.3257,25.3182,25.3104,25.3022,25.2938,25.2851,25.276,25.2667,25.2572,25.2473,25.2372,25.2269,25.2163,25.2056,25.1946,25.1834,25.172,25.1605,25.1488,25.1369,25.1249,25.1128,25.1005,25.0882,25.0757,25.0632,25.0507,25.038,25.0254,25.0127,25,
25,25.012,25.024,25.036,25.048,25.0599,25.0718,25.0836,25.0953,25.1069,25.1184,25.1298,25.141,25.1521,25.1631,25.1739,25.1845,25.1949,25.2052,25.2152,25.2251,25.2347,25.244,25.2532,25.262,25.2706,25.279,25.287,25.2948,25.3023,25.3094,25.3163,25.3228,25.3291,25.3349,25.3405,25.3457,25.3506,25.3551,25.3593,25.363,25.3665,25.3695,25.3722,25.3746,25.3765,25.3781,25.3792,25.38,25.3805,25.3805,25.3802,25.3794,25.3783,25.3768,25.375,25.3727,25.3701,25.3671,25.3637,25.36,25.3559,25.3514,25.3466,25.3414,25.3359,25.3301,25.3239,25.3174,25.3106,25.3034,25.296,25.2882,25.2801,25.2718,25.2632,25.2543,25.2452,25.2358,25.2262,25.2164,25.2063,25.196,25.1855,25.1749,25.164,25.153,25.1418,25.1305,25.1191,25.1075,25.0958,25.0841,25.0722,25.0603,25.0483,25.0363,25.0242,25.0121,25,
25,25.0115,25.0229,25.0343,25.0457,25.0571,25.0684,25.0796,25.0907,25.1018,25.1127,25.1236,25.1343,25.1449,25.1553,25.1656,25.1757,25.1857,25.1954,25.205,25.2143,25.2235,25.2324,25.2411,25.2495,25.2577,25.2657,25.2733,25.2808,25.2879,25.2947,25.3012,25.3075,25.3134,25.319,25.3243,25.3292,25.3339,25.3382,25.3421,25.3458,25.349,25.3519,25.3545,25.3567,25.3586,25.3601,25.3612,25.3619,25.3623,25.3624,25.362,25.3614,25.3603,25.3589,25.3571,25.3549,25.3524,25.3496,25.3464,25.3428,25.3389,25.3347,25.3301,25.3252,25.3199,25.3143,25.3085,25.3023,25.2957,25.2889,25.2818,25.2745,25.2668,25.2589,25.2507,25.2422,25.2335,25.2246,25.2154,25.206,25.1964,25.1866,25.1767,25.1665,25.1562,25.1457,25.1351,25.1243,25.1134,25.1024,25.0913,25.0801,25.0688,25.0574,25.046,25.0345,25.023,25.0115,25,
25,25.0109,25.0218,25.0326,25.0435,25.0543,25.065,25.0757,25.0863,25.0968,25.1072,25.1175,25.1277,25.1378,25.1477,25.1575,25.1671,25.1766,25.1858,25.1949,25.2038,25.2125,25.221,25.2293,25.2373,25.2451,25.2527,25.26,25.267,25.2738,25.2803,25.2865,25.2924,25.298,25.3034,25.3084,25.3131,25.3175,25.3216,25.3254,25.3288,25.3319,25.3347,25.3371,25.3392,25.341,25.3424,25.3435,25.3442,25.3446,25.3446,25.3443,25.3436,25.3426,25.3413,25.3396,25.3375,25.3352,25.3325,25.3294,25.326,25.3223,25.3183,25.3139,25.3092,25.3042,25.2989,25.2933,25.2874,25.2812,25.2748,25.268,25.261,25.2537,25.2462,25.2384,25.2303,25.222,25.2136,25.2048,25.1959,25.1868,25.1775,25.168,25.1583,25.1485,25.1385,25.1284,25.1182,25.1078,25.0974,25.0868,25.0761,25.0654,25.0546,25.0437,25.0328,25.0219,25.011,25,
25,25.0103,25.0207,25.031,25.0413,25.0515,25.0617,25.0719,25.0819,25.0919,25.1018,25.1116,25.1213,25.1308,25.1402,25.1495,25.1587,25.1676,25.1765,25.1851,25.1935,25.2018,25.2099,25.2177,25.2253,25.2327,25.2399,25.2468,25.2535,25.2599,25.2661,25.272,25.2776,25.283,25.288,25.2928,25.2973,25.3015,25.3054,25.3089,25.3122,25.3152,25.3178,25.3201,25.3221,25.3238,25.3251,25.3261,25.3268,25.3272,25.3272,25.3269,25.3263,25.3253,25.324,25.3224,25.3205,25.3182,25.3156,25.3127,25.3095,25.306,25.3022,25.298,25.2936,25.2888,25.2838,25.2785,25.2729,25.267,25.2609,25.2545,25.2478,25.2409,25.2337,25.2263,25.2187,25.2108,25.2027,25.1945,25.186,25.1773,25.1685,25.1595,25.1503,25.141,25.1315,25.1219,25.1122,25.1024,25.0924,25.0824,25.0723,25.0621,25.0518,25.0415,25.0312,25.0208,25.0104,25,
25,25.0098,25.0196,25.0294,25.0391,25.0488,25.0585,25.0681,25.0776,25.0871,25.0965,25.1058,25.1149,25.124,25.1329,25.1417,25.1504,25.1589,25.1672,25.1754,25.1834,25.1913,25.1989,25.2063,25.2136,25.2206,25.2274,25.2339,25.2403,25.2464,25.2522,25.2578,25.2631,25.2682,25.273,25.2775,25.2818,25.2858,25.2894,25.2928,25.2959,25.2987,25.3012,25.3034,25.3053,25.3069,25.3081,25.3091,25.3098,25.3101,25.3101,25.3098,25.3092,25.3083,25.3071,25.3056,25.3038,25.3016,25.2992,25.2964,25.2934,25.29,25.2864,25.2825,25.2783,25.2738,25.269,25.2639,25.2586,25.2531,25.2472,25.2412,25.2348,25.2283,25.2215,25.2145,25.2072,25.1998,25.1922,25.1843,25.1763,25.1681,25.1597,25.1512,25.1425,25.1336,25.1247,25.1156,25.1063,25.097,25.0876,25.0781,25.0685,25.0588,25.0491,25.0394,25.0295,25.0197,25.0099,25,
25,25.0093,25.0185,25.0278,25.037,25.0462,25.0553,25.0644,25.0734,25.0824,25.0913,25.1,25.1087,25.1173,25.1257,25.1341,25.1423,25.1503,25.1582,25.166,25.1735,25.1809,25.1882,25.1952,25.202,25.2087,25.2151,25.2213,25.2273,25.2331,25.2386,25.2439,25.2489,25.2537,25.2583,25.2625,25.2666,25.2703,25.2738,25.277,25.2799,25.2826,25.2849,25.287,25.2888,25.2903,25.2915,25.2924,25.293,25.2933,25.2934,25.2931,25.2925,25.2917,25.2905,25.2891,25.2873,25.2853,25.283,25.2804,25.2775,25.2743,25.2709,25.2672,25.2632,25.259,25.2544,25.2497,25.2446,25.2394,25.2339,25.2281,25.2221,25.2159,25.2095,25.2029,25.196,25.189,25.1818,25.1743,25.1667,25.159,25.1511,25.143,25.1348,25.1264,25.1179,25.1093,25.1006,25.0918,25.0829,25.0739,25.0648,25.0557,25.0465,25.0372,25.0279,25.0186,25.0093,25,
25,25.0088,25.0175,25.0262,25.0349,25.0436,25.0522,25.0608,25.0693,25.0778,25.0861,25.0944,25.1026,25.1107,25.1187,25.1265,25.1343,25.1419,25.1493,25.1566,25.1638,25.1708,25.1776,25.1842,25.1907,25.197,25.203,25.2089,25.2145,25.22,25.2252,25.2302,25.235,25.2395,25.2438,25.2478,25.2516,25.2551,25.2584,25.2614,25.2642,25.2667,25.2689,25.2709,25.2726,25.274,25.2751,25.276,25.2766,25.2769,25.2769,25.2766,25.2761,25.2753,25.2742,25.2728,25.2712,25.2693,25.2671,25.2647,25.2619,25.2589,25.2557,25.2522,25.2484,25.2444,25.2402,25.2357,25.2309,25.2259,25.2207,25.2153,25.2097,25.2038,25.1977,25.1915,25.185,25.1784,25.1715,25.1645,25.1574,25.15,25.1426,25.1349,25.1272,25.1193,25.1113,25.1032,25.0949,25.0866,25.0782,25.0697,25.0611,25.0525,25.0438,25.0351,25.0264,25.0176,25.0088,25,
25,25.0082,25.0165,25.0247,25.0329,25.0411,25.0492,25.0573,25.0653,25.0732,25.0811,25.0889,25.0966,25.1042,25.1117,25.1191,25.1264,25.1336,25.1406,25.1475,25.1542,25.1608,25.1672,25.1735,25.1796,25.1854,25.1912,25.1967,25.202,25.2071,25.212,25.2167,25.2212,25.2255,25.2295,25.2333,25.2369,25.2402,25.2433,25.2462,25.2488,25.2511,25.2532,25.2551,25.2566,25.258,25.259,25.2599,25.2604,25.2607,25.2607,25.2605,25.26,25.2592,25.2582,25.2569,25.2554,25.2536,25.2515,25.2492,25.2466,25.2438,25.2407,25.2374,25.2339,25.2301,25.2261,25.2219,25.2174,25.2127,25.2078,25.2027,25.1974,25.1919,25.1862,25.1803,25.1742,25.1679,25.1615,25.1549,25.1482,25.1413,25.1342,25.127,25.1197,25.1123,25.1048,25.0971,25.0894,25.0815,25.0736,25.0656,25.0576,25.0494,25.0413,25.0331,25.0248,25.0166,25.0083,25,
25,25.0077,25.0155,25.0232,25.0309,25.0385,25.0462,25.0538,25.0613,25.0688,25.0762,25.0835,25.0907,25.0979,25.1049,25.1119,25.1187,25.1254,25.132,25.1385,25.1448,25.151,25.157,25.1629,25.1686,25.1741,25.1795,25.1847,25.1897,25.1945,25.1991,25.2035,25.2077,25.2117,25.2155,25.2191,25.2224,25.2256,25.2285,25.2311,25.2336,25.2358,25.2378,25.2395,25.241,25.2422,25.2432,25.244,25.2445,25.2448,25.2448,25.2446,25.2441,25.2434,25.2424,25.2412,25.2398,25.2381,25.2361,25.234,25.2316,25.2289,25.226,25.2229,25.2196,25.2161,25.2123,25.2083,25.2041,25.1997,25.1951,25.1903,25.1853,25.1802,25.1748,25.1693,25.1636,25.1577,25.1516,25.1454,25.1391,25.1326,25.126,25.1193,25.1124,25.1054,25.0984,25.0912,25.0839,25.0766,25.0691,25.0616,25.054,25.0464,25.0388,25.031,25.0233,25.0156,25.0078,25,
25,25.0072,25.0145,25.0217,25.0289,25.0361,25.0432,25.0503,25.0574,25.0644,25.0713,25.0781,25.0849,25.0916,25.0982,25.1047,25.1111,25.1174,25.1236,25.1296,25.1355,25.1413,25.147,25.1525,25.1578,25.163,25.168,25.1729,25.1775,25.182,25.1864,25.1905,25.1944,25.1982,25.2017,25.2051,25.2082,25.2111,25.2139,25.2164,25.2186,25.2207,25.2225,25.2242,25.2256,25.2267,25.2277,25.2284,25.2289,25.2291,25.2291,25.2289,25.2285,25.2278,25.2269,25.2258,25.2244,25.2228,25.221,25.219,25.2167,25.2143,25.2116,25.2087,25.2056,25.2022,25.1987,25.195,25.1911,25.1869,25.1826,25.1781,25.1735,25.1686,25.1636,25.1584,25.1531,25.1476,25.1419,25.1361,25.1302,25.1241,25.118,25.1116,25.1052,25.0987,25.0921,25.0853,25.0785,25.0716,25.0647,25.0577,25.0506,25.0434,25.0363,25.0291,25.0218,25.0146,25.0073,25,
25,25.0068,25.0135,25.0202,25.027,25.0336,25.0403,25.0469,25.0535,25.06,25.0665,25.0729,25.0792,25.0854,25.0916,25.0977,25.1036,25.1095,25.1152,25.1209,25.1264,25.1318,25.1371,25.1422,25.1472,25.152,25.1567,25.1612,25.1656,25.1698,25.1738,25.1777,25.1813,25.1848,25.1881,25.1913,25.1942,25.1969,25.1994,25.2018,25.2039,25.2058,25.2076,25.2091,25.2104,25.2115,25.2123,25.213,25.2134,25.2137,25.2137,25.2135,25.2131,25.2125,25.2116,25.2106,25.2093,25.2078,25.2061,25.2042,25.2021,25.1998,25.1973,25.1946,25.1917,25.1886,25.1853,25.1818,25.1782,25.1743,25.1703,25.1661,25.1618,25.1573,25.1526,25.1477,25.1428,25.1376,25.1324,25.127,25.1214,25.1158,25.11,25.1041,25.0981,25.092,25.0859,25.0796,25.0732,25.0668,25.0603,25.0538,25.0472,25.0405,25.0338,25.0271,25.0203,25.0136,25.0068,25,
25,25.0063,25.0125,25.0188,25.025,25.0312,25.0374,25.0436,25.0497,25.0557,25.0617,25.0677,25.0735,25.0793,25.0851,25.0907,25.0962,25.1017,25.107,25.1123,25.1174,25.1224,25.1273,25.1321,25.1367,25.1412,25.1455,25.1497,25.1538,25.1577,25.1614,25.165,25.1684,25.1717,25.1747,25.1776,25.1804,25.1829,25.1852,25.1874,25.1894,25.1912,25.1928,25.1942,25.1954,25.1964,25.1972,25.1978,25.1982,25.1985,25.1985,25.1983,25.1979,25.1973,25.1965,25.1956,25.1944,25.193,25.1914,25.1897,25.1877,25.1856,25.1833,25.1807,25.178,25.1752,25.1721,25.1689,25.1655,25.1619,25.1582,25.1543,25.1503,25.1461,25.1417,25.1372,25.1326,25.1278,25.1229,25.1179,25.1128,25.1075,25.1022,25.0967,25.0911,25.0855,25.0797,25.0739,25.068,25.0621,25.056,25.0499,25.0438,25.0376,25.0314,25.0252,25.0189,25.0126,25.0063,25,
25,25.0058,25.0116,25.0174,25.0231,25.0289,25.0346,25.0403,25.0459,25.0515,25.0571,25.0626,25.068,25.0733,25.0786,25.0838,25.089,25.094,25.0989,25.1038,25.1085,25.1132,25.1177,25.1221,25.1264,25.1305,25.1345,25.1384,25.1422,25.1458,25.1492,25.1525,25.1557,25.1587,25.1615,25.1642,25.1667,25.1691,25.1712,25.1732,25.1751,25.1767,25.1782,25.1795,25.1806,25.1815,25.1823,25.1829,25.1832,25.1834,25.1835,25.1833,25.1829,25.1824,25.1817,25.1808,25.1797,25.1784,25.177,25.1753,25.1735,25.1716,25.1694,25.1671,25.1646,25.1619,25.1591,25.1561,25.153,25.1497,25.1462,25.1426,25.1389,25.135,25.131,25.1268,25.1226,25.1181,25.1136,25.109,25.1042,25.0994,25.0944,25.0894,25.0842,25.079,25.0737,25.0683,25.0629,25.0574,25.0518,25.0462,25.0405,25.0348,25.029,25.0233,25.0175,25.0117,25.0058,25,
25,25.0053,25.0107,25.016,25.0213,25.0265,25.0318,25.037,25.0422,25.0474,25.0525,25.0575,25.0625,25.0674,25.0723,25.0771,25.0818,25.0864,25.0909,25.0954,25.0998,25.104,25.1082,25.1122,25.1161,25.12,25.1237,25.1272,25.1307,25.134,25.1372,25.1402,25.1431,25.1459,25.1485,25.1509,25.1532,25.1554,25.1574,25.1592,25.1609,25.1624,25.1638,25.165,25.166,25.1669,25.1676,25.1681,25.1684,25.1686,25.1686,25.1685,25.1682,25.1677,25.167,25.1662,25.1652,25.164,25.1627,25.1612,25.1595,25.1577,25.1557,25.1536,25.1513,25.1488,25.1462,25.1435,25.1406,25.1376,25.1344,25.1311,25.1277,25.1241,25.1204,25.1166,25.1126,25.1086,25.1044,25.1002,25.0958,25.0913,25.0868,25.0821,25.0774,25.0726,25.0677,25.0628,25.0578,25.0527,25.0476,25.0424,25.0372,25.032,25.0267,25.0214,25.0161,25.0107,25.0054,25,
25,25.0049,25.0097,25.0146,25.0194,25.0242,25.029,25.0338,25.0385,25.0432,25.0479,25.0525,25.0571,25.0616,25.066,25.0704,25.0747,25.0789,25.083,25.0871,25.0911,25.095,25.0988,25.1025,25.106,25.1095,25.1129,25.1162,25.1193,25.1223,25.1252,25.128,25.1307,25.1332,25.1356,25.1378,25.1399,25.1419,25.1437,25.1454,25.1469,25.1483,25.1496,25.1506,25.1516,25.1524,25.153,25.1535,25.1538,25.154,25.154,25.1538,25.1535,25.1531,25.1525,25.1517,25.1508,25.1497,25.1485,25.1472,25.1456,25.144,25.1422,25.1402,25.1381,25.1359,25.1335,25.131,25.1284,25.1256,25.1227,25.1197,25.1166,25.1133,25.1099,25.1064,25.1028,25.0992,25.0954,25.0915,25.0875,25.0834,25.0792,25.075,25.0707,25.0663,25.0618,25.0573,25.0528,25.0481,25.0435,25.0387,25.034,25.0292,25.0244,25.0195,25.0147,25.0098,25.0049,25,
25,25.0044,25.0088,25.0132,25.0176,25.022,25.0263,25.0306,25.0349,25.0392,25.0434,25.0476,25.0517,25.0558,25.0598,25.0637,25.0676,25.0715,25.0752,25.0789,25.0825,25.086,25.0895,25.0928,25.0961,25.0992,25.1023,25.1052,25.1081,25.1108,25.1134,25.116,25.1184,25.1206,25.1228,25.1248,25.1268,25.1285,25.1302,25.1317,25.1331,25.1344,25.1355,25.1365,25.1373,25.138,25.1386,25.139,25.1393,25.1395,25.1395,25.1394,25.1391,25.1387,25.1381,25.1374,25.1366,25.1356,25.1345,25.1333,25.1319,25.1304,25.1288,25.127,25.1251,25.1231,25.1209,25.1187,25.1163,25.1138,25.1112,25.1084,25.1056,25.1026,25.0996,25.0964,25.0932,25.0898,25.0864,25.0828,25.0792,25.0755,25.0718,25.0679,25.064,25.0601,25.056,25.0519,25.0478,25.0436,25.0394,25.0351,25.0308,25.0264,25.0221,25.0177,25.0133,25.0089,25.0044,25,
25,25.004,25.0079,25.0118,25.0158,25.0197,25.0236,25.0275,25.0313,25.0351,25.0389,25.0427,25.0464,25.05,25.0536,25.0572,25.0607,25.0641,25.0675,25.0708,25.074,25.0772,25.0803,25.0833,25.0862,25.089,25.0918,25.0944,25.097,25.0994,25.1018,25.104,25.1062,25.1082,25.1102,25.112,25.1137,25.1153,25.1168,25.1182,25.1194,25.1205,25.1215,25.1224,25.1232,25.1238,25.1243,25.1247,25.125,25.1251,25.1251,25.125,25.1248,25.1244,25.1239,25.1233,25.1225,25.1217,25.1207,25.1196,25.1183,25.117,25.1155,25.1139,25.1122,25.1104,25.1085,25.1065,25.1043,25.1021,25.0997,25.0973,25.0947,25.0921,25.0893,25.0865,25.0836,25.0806,25.0775,25.0743,25.0711,25.0678,25.0644,25.0609,25.0574,25.0539,25.0502,25.0466,25.0429,25.0391,25.0353,25.0315,25.0276,25.0237,25.0198,25.0159,25.0119,25.0079,25.004,25,
25,25.0035,25.007,25.0105,25.014,25.0175,25.0209,25.0243,25.0278,25.0311,25.0345,25.0378,25.0411,25.0443,25.0475,25.0507,25.0538,25.0568,25.0598,25.0627,25.0656,25.0684,25.0711,25.0738,25.0764,25.0789,25.0813,25.0837,25.0859,25.0881,25.0902,25.0922,25.0941,25.0959,25.0976,25.0993,25.1008,25.1022,25.1035,25.1047,25.1058,25.1068,25.1077,25.1085,25.1092,25.1097,25.1102,25.1105,25.1108,25.1109,25.1109,25.1108,25.1106,25.1103,25.1098,25.1093,25.1086,25.1078,25.107,25.106,25.1049,25.1037,25.1024,25.101,25.0995,25.0979,25.0962,25.0944,25.0925,25.0905,25.0884,25.0862,25.0839,25.0816,25.0792,25.0767,25.0741,25.0714,25.0687,25.0659,25.063,25.0601,25.0571,25.054,25.0509,25.0477,25.0445,25.0413,25.038,25.0347,25.0313,25.0279,25.0245,25.021,25.0175,25.0141,25.0106,25.007,25.0035,25,
25,25.0031,25.0061,25.0092,25.0122,25.0152,25.0182,25.0212,25.0242,25.0272,25.0301,25.033,25.0359,25.0387,25.0415,25.0442,25.0469,25.0496,25.0522,25.0548,25.0573,25.0597,25.0621,25.0644,25.0667,25.0688,25.071,25.073,25.075,25.0769,25.0787,25.0805,25.0821,25.0837,25.0852,25.0866,25.088,25.0892,25.0903,25.0914,25.0924,25.0932,25.094,25.0947,25.0953,25.0958,25.0962,25.0965,25.0967,25.0968,25.0968,25.0967,25.0965,25.0962,25.0958,25.0954,25.0948,25.0941,25.0934,25.0925,25.0915,25.0905,25.0894,25.0881,25.0868,25.0854,25.0839,25.0823,25.0807,25.079,25.0771,25.0752,25.0733,25.0712,25.0691,25.0669,25.0646,25.0623,25.0599,25.0575,25.055,25.0524,25.0498,25.0471,25.0444,25.0417,25.0389,25.036,25.0332,25.0302,25.0273,25.0243,25.0213,25.0183,25.0153,25.0123,25.0092,25.0061,25.0031,25,
25,25.0026,25.0052,25.0078,25.0104,25.013,25.0156,25.0182,25.0207,25.0232,25.0257,25.0282,25.0307,25.0331,25.0355,25.0378,25.0401,25.0424,25.0446,25.0468,25.049,25.0511,25.0531,25.0551,25.057,25.0589,25.0607,25.0625,25.0641,25.0658,25.0673,25.0688,25.0702,25.0716,25.0729,25.0741,25.0752,25.0763,25.0773,25.0782,25.079,25.0797,25.0804,25.081,25.0815,25.0819,25.0822,25.0825,25.0827,25.0828,25.0828,25.0827,25.0825,25.0823,25.082,25.0816,25.0811,25.0805,25.0798,25.0791,25.0783,25.0774,25.0764,25.0754,25.0742,25.073,25.0718,25.0704,25.069,25.0675,25.066,25.0643,25.0627,25.0609,25.0591,25.0572,25.0553,25.0533,25.0513,25.0492,25.047,25.0448,25.0426,25.0403,25.038,25.0356,25.0332,25.0308,25.0284,25.0259,25.0233,25.0208,25.0183,25.0157,25.0131,25.0105,25.0079,25.0052,25.0026,25,
25,25.0022,25.0043,25.0065,25.0087,25.0108,25.013,25.0151,25.0172,25.0193,25.0214,25.0235,25.0255,25.0275,25.0295,25.0315,25.0334,25.0353,25.0371,25.0389,25.0407,25.0425,25.0442,25.0458,25.0474,25.049,25.0505,25.0519,25.0533,25.0547,25.056,25.0572,25.0584,25.0596,25.0606,25.0616,25.0626,25.0634,25.0643,25.065,25.0657,25.0663,25.0669,25.0674,25.0678,25.0681,25.0684,25.0686,25.0688,25.0688,25.0688,25.0688,25.0687,25.0684,25.0682,25.0678,25.0674,25.067,25.0664,25.0658,25.0651,25.0644,25.0636,25.0627,25.0618,25.0608,25.0597,25.0586,25.0574,25.0562,25.0549,25.0535,25.0521,25.0507,25.0491,25.0476,25.046,25.0443,25.0426,25.0409,25.0391,25.0373,25.0354,25.0335,25.0316,25.0296,25.0276,25.0256,25.0236,25.0215,25.0194,25.0173,25.0152,25.013,25.0109,25.0087,25.0065,25.0044,25.0022,25,
25,25.0017,25.0035,25.0052,25.0069,25.0086,25.0104,25.0121,25.0138,25.0154,25.0171,25.0187,25.0204,25.022,25.0236,25.0251,25.0267,25.0282,25.0297,25.0311,25.0325,25.0339,25.0353,25.0366,25.0379,25.0391,25.0403,25.0415,25.0426,25.0437,25.0447,25.0457,25.0467,25.0476,25.0484,25.0492,25.05,25.0507,25.0513,25.0519,25.0525,25.053,25.0534,25.0538,25.0541,25.0544,25.0546,25.0548,25.0549,25.055,25.055,25.0549,25.0548,25.0547,25.0545,25.0542,25.0539,25.0535,25.053,25.0526,25.052,25.0514,25.0508,25.0501,25.0493,25.0485,25.0477,25.0468,25.0458,25.0449,25.0438,25.0427,25.0416,25.0405,25.0393,25.038,25.0367,25.0354,25.034,25.0327,25.0312,25.0298,25.0283,25.0268,25.0252,25.0237,25.0221,25.0205,25.0188,25.0172,25.0155,25.0138,25.0121,25.0104,25.0087,25.007,25.0052,25.0035,25.0017,25,
25,25.0013,25.0026,25.0039,25.0052,25.0065,25.0078,25.009,25.0103,25.0116,25.0128,25.014,25.0153,25.0165,25.0176,25.0188,25.02,25.0211,25.0222,25.0233,25.0244,25.0254,25.0264,25.0274,25.0284,25.0293,25.0302,25.0311,25.0319,25.0327,25.0335,25.0342,25.035,25.0356,25.0363,25.0369,25.0374,25.038,25.0384,25.0389,25.0393,25.0397,25.04,25.0403,25.0406,25.0408,25.0409,25.0411,25.0411,25.0412,25.0412,25.0412,25.0411,25.041,25.0408,25.0406,25.0403,25.0401,25.0397,25.0394,25.039,25.0385,25.038,25.0375,25.0369,25.0364,25.0357,25.035,25.0343,25.0336,25.0328,25.032,25.0312,25.0303,25.0294,25.0285,25.0275,25.0265,25.0255,25.0245,25.0234,25.0223,25.0212,25.0201,25.0189,25.0177,25.0165,25.0153,25.0141,25.0129,25.0116,25.0104,25.0091,25.0078,25.0065,25.0052,25.0039,25.0026,25.0013,25,
25,25.0009,25.0017,25.0026,25.0035,25.0043,25.0052,25.006,25.0069,25.0077,25.0085,25.0093,25.0102,25.011,25.0118,25.0125,25.0133,25.0141,25.0148,25.0155,25.0162,25.0169,25.0176,25.0183,25.0189,25.0195,25.0201,25.0207,25.0213,25.0218,25.0223,25.0228,25.0233,25.0237,25.0242,25.0246,25.0249,25.0253,25.0256,25.0259,25.0262,25.0264,25.0267,25.0268,25.027,25.0272,25.0273,25.0273,25.0274,25.0274,25.0274,25.0274,25.0274,25.0273,25.0272,25.027,25.0269,25.0267,25.0265,25.0262,25.0259,25.0257,25.0253,25.025,25.0246,25.0242,25.0238,25.0233,25.0229,25.0224,25.0219,25.0213,25.0208,25.0202,25.0196,25.019,25.0183,25.0177,25.017,25.0163,25.0156,25.0149,25.0141,25.0134,25.0126,25.0118,25.011,25.0102,25.0094,25.0086,25.0077,25.0069,25.006,25.0052,25.0043,25.0035,25.0026,25.0017,25.0009,25,
25,25.0004,25.0009,25.0013,25.0017,25.0022,25.0026,25.003,25.0034,25.0038,25.0043,25.0047,25.0051,25.0055,25.0059,25.0063,25.0066,25.007,25.0074,25.0078,25.0081,25.0085,25.0088,25.0091,25.0094,25.0098,25.0101,25.0103,25.0106,25.0109,25.0112,25.0114,25.0116,25.0119,25.0121,25.0123,25.0125,25.0126,25.0128,25.0129,25.0131,25.0132,25.0133,25.0134,25.0135,25.0136,25.0136,25.0137,25.0137,25.0137,25.0137,25.0137,25.0137,25.0136,25.0136,25.0135,25.0134,25.0133,25.0132,25.0131,25.013,25.0128,25.0127,25.0125,25.0123,25.0121,25.0119,25.0117,25.0114,25.0112,25.0109,25.0107,25.0104,25.0101,25.0098,25.0095,25.0092,25.0088,25.0085,25.0081,25.0078,25.0074,25.0071,25.0067,25.0063,25.0059,25.0055,25.0051,25.0047,25.0043,25.0039,25.0034,25.003,25.0026,25.0022,25.0017,25.0013,25.0009,25.0004,25,
25,25,25,25,25,25,25,25,25,25,25,25,25,25,25,25,25,25,25,25,25,25,25,25,25,25,25,25,25,25,25,25,25,25,25,25,25,25,25,25,25,25,25,25,25,25,25,25,25,25,25,25,25,25,25,25,25,25,25,25,25,25,25,25,25,25,25,25,25,25,25,25,25,25,25,25,25,25,25,25,25,25,25,25,25,25,25,25,25,25,25,25,25,25,25,25,25,25,25,25,
